Workbook

Sheet résultats
B5: Trial | C5: Edge | D5: NC | E5: N av | F5: N max | G5: Fpav | H5: Fpmax | I5: Fs av | J5: Fs max | K5: Fpnav | L5: Fpn max | M5: P av | N5: P max | O5: Fz av | P5: Fz max | Q5: R av | R5: R max | S5: EAA av | T5: EAA max | U5: λ av | V5: λ max | W5: η | X5: μe | Y5: β | Z5: VB max | AA5: VB av | AB5: Rt | AC5: Ra | AD5: Curve
B6: N° | C6: ref | D6: rev | E6: N | F6: N | G6: N | H6: N | I6: N | J6: N | K6: N | L6: N | M6: N | N6: N | O6: N | P6: N | Q6: N | R6: N | S6: ° | T6: ° | U6: ° | V6: ° | W6: ° | Y6: ° | Z6: µm | AA6: µm | AB6: µm | AC6: µm | AD6: µm
A7: Results | B7: 1 | C7: 0025E2 | D7: 139 | E7: 271.52 | F7: 502.26 | G7: 386.35 | H7: 597.05 | I7: 474.83 | J7: 777.8 | K7: -55.64 | L7: -98.48 | M7: 390.34 | N7: 605.12 | O7: 126.88 | P7: 170.1 | Q7: 466.83 | R7: 782.67 | S7: 71.97 | T7: 78.21 | U7: 6.5 | V7: 7.72 | W7: -81.8 | X7: 1.44 | Y7: 55.18 | Z7: - | AA7: - | AB7: - | AC7: - | AD7: -
C8: 0025E4 | D8: 139 | E8: 266.43 | F8: 490.45 | G8: 407.52 | H8: 626.97 | I8: 489.52 | J8: 791.8 | K8: -61.51 | L8: -109.82 | M8: 412.14 | N8: 636.52 | O8: 138.79 | P8: 190.25 | Q8: 493.41 | R8: 796.98 | S8: 71.27 | T8: 77.2 | U8: 7.13 | V8: 8.84 | W8: -81.42 | X8: 1.55 | Y8: 57.12 | Z8: - | AA8: - | AB8: 1.074 | AC8: 0.162 | AD8: -1.6284
C9: 0244E1 | D9: 139 | E9: 274.47 | F9: 515.93 | G9: 374.88 | H9: 594.79 | I9: 467.01 | J9: 782.57 | K9: -57.02 | L9: -105.37 | M9: 379.19 | N9: 604.05 | O9: 117.33 | P9: 155.15 | Q9: 470.5 | R9: 789.03 | S9: 72.74 | T9: 79.45 | U9: 6.75 | V9: 8.16 | W9: -81.35 | X9: 1.38 | Y9: 54.1 | Z9: - | AA9: - | AB9: 1.588 | AC9: 0.1775 | AD9: -1.613
C10: 0374E3 | D10: 139 | E10: - | F10: - | G10: - | H10: - | I10: - | J10: - | K10: - | L10: - | M10: - | N10: - | O10: - | P10: - | Q10: - | R10: - | S10: - | T10: - | U10: - | V10: - | W10: - | X10: - | Y10: - | Z10: - | AA10: - | AB10: - | AC10: - | AD10: - | AE10: -
C11: 0429E2 | D11: 139 | E11: 263.81 | F11: 498.2 | G11: 401.54 | H11: 617.38 | I11: 483.75 | J11: 793.32 | K11: -60.19 | L11: -104.19 | M11: 406.03 | N11: 626.11 | O11: 136.59 | P11: 179.27 | Q11: 487.53 | R11: 799.43 | S11: 70.84 | T11: 77.77 | U11: 6.87 | V11: 8.77 | W11: -81.47 | X11: 1.54 | Y11: 56.99 | Z11: - | AA11: - | AB11: - | AC11: - | AD11: -
C12: 0429E4 | D12: 139 | E12: 269.1 | F12: 492.94 | G12: 413.16 | H12: 631.94 | I12: 465.62 | J12: 800.23 | K12: -64.09 | L12: -110.05 | M12: 418.1 | N12: 641.45 | O12: 139.91 | P12: 195.28 | Q12: 499.83 | R12: 806.25 | S12: 71.43 | T12: 76.95 | U12: 7.43 | V12: 9.35 | W12: -81.18 | X12: 1.55 | Y12: 57.23 | Z12: - | AA12: - | AB12: 1.66 | AC12: 0.208 | AD12: -1.86325
C13: 0532E1 | D13: 139 | E13: 272.16 | F13: 503.32 | G13: 411.66 | H13: 637 | I13: 496.29 | J13: 806.61 | K13: -59.2 | L13: -111.66 | M13: 415.89 | N13: 646.71 | O13: 141.11 | P13: 189.71 | Q13: 499.83 | R13: 814.78 | S13: 71.15 | T13: 77.16 | U13: 6.82 | V13: 8.48 | W13: -81.82 | X13: 1.53 | Y13: 56.8 | Z13: - | AA13: - | AB13: 1.47 | AC13: 0.1575 | AD13: -1.7962
C14: 0532E4 | D14: 139 | E14: 270.4 | F14: 492.97 | G14: 292.13 | H14: 601.93 | I14: 478.98 | J14: 777.39 | K14: -54.81 | L14: -101.11 | M14: 297.23 | N14: 610.36 | O14: 131.66 | P14: 178.66 | Q14: 482.14 | R14: 782.1 | S14: 71.67 | T14: 77.79 | U14: 6.51 | V14: 8.34 | W14: -79.37 | X14: 1.1 | Y14: 47.71 | Z14: - | AA14: - | AB14: - | AC14: - | AD14: -
C15: 0575E2 | D15: 139 | E15: - | F15: - | G15: - | H15: - | I15: - | J15: - | K15: - | L15: - | M15: - | N15: - | O15: - | P15: - | Q15: - | R15: - | S15: - | T15: - | U15: - | V15: - | W15: - | X15: - | Y15: - | Z15: - | AA15: - | AB15: - | AC15: - | AD15: - | AE15: -
C16: 0575E4 | D16: 139 | E16: 269.64 | F16: 503.02 | G16: 416.03 | H16: 643.79 | I16: 499 | J16: 814.15 | K16: -60.28 | L16: -108.32 | M16: 420.37 | N16: 652.84 | O16: 144.16 | P16: 196.65 | Q16: 502.66 | R16: 820.37 | S16: 70.82 | T16: 77.95 | U16: 6.99 | V16: 9.91 | W16: -81.76 | X16: 1.56 | Y16: 57.32 | Z16: - | AA16: - | AB16: - | AC16: - | AD16: -
C17: 0639E1 | D17: 139 | E17: 259.27 | F17: 474.72 | G17: 371.1 | H17: 571.87 | I17: 455.13 | J17: 736.61 | K17: -51.95 | L17: -92.49 | M17: 374.72 | N17: 579.3 | O17: 123.39 | P17: 162.84 | Q17: 458.11 | R17: 741.91 | S17: 71.86 | T17: 77.67 | U17: 6.5 | V17: 7.56 | W17: -82.03 | X17: 1.45 | Y17: 55.32 | Z17: - | AA17: - | AB17: - | AC17: - | AD17: -
C18: 0639E4 | D18: 139 | E18: 281.93 | F18: 531.71 | G18: 416.32 | H18: 644.9 | I18: 506.08 | J18: 831.14 | K18: -54.71 | L18: -101.19 | M18: 419.9 | N18: 652.79 | O18: 143.85 | P18: 189.03 | Q18: 509.04 | R18: 836.2 | S18: 70.82 | T18: 77.99 | U18: 6.21 | V18: 7.7 | W18: -82.51 | X18: 1.49 | Y18: 56.12 | Z18: - | AA18: - | AB18: - | AC18: - | AD18: -
C19: 0699E2 | D19: 139 | E19: 278.88 | F19: 507.95 | G19: 397.42 | H19: 617.08 | I19: 487.71 | J19: 798.92 | K19: -62.63 | L19: -110.31 | M19: 402.32 | N19: 626.86 | O19: 127.07 | P19: 174.75 | Q19: 491.76 | R19: 804.92 | S19: 72.75 | T19: 78.2 | U19: 7.34 | V19: 8.95 | W19: -81.04 | X19: 1.44 | Y19: 55.27 | Z19: - | AA19: - | AB19: 0.996 | AC19: 0.102 | AD19: -1.925
C20: 0699E3 | D20: 139 | E20: 285.4 | F20: 522.13 | G20: 411.06 | H20: 638.14 | I20: 503.02 | J20: 824.52 | K20: -65.36 | L20: -114.43 | M20: 416.22 | N20: 648.32 | O20: 132.09 | P20: 180.86 | Q20: 507.29 | R20: 830.23 | S20: 72.48 | T20: 78.16 | U20: 7.48 | V20: 10.19 | W20: -80.97 | X20: 1.46 | Y20: 55.56 | Z20: - | AA20: - | AB20: - | AC20: - | AD20: -
B21: 2 | C21: 0025E2 | D21: 11389 | E21: 265.8 | F21: 496.95 | G21: 424.66 | H21: 643.76 | I21: 504.31 | J21: 809.18 | K21: -61.28 | L21: -109.27 | M21: 429.06 | N21: 652.97 | O21: 150.54 | P21: 195.12 | Q21: 508.14 | R21: 815.06 | S21: 70.25 | T21: 76.52 | U21: 6.72 | V21: 8.34 | W21: -81.79 | X21: 1.61 | Y21: 58.22 | Z21: 24.72 | AA21: 21.17 | AB21: - | AC21: - | AD21: -
C22: 0025E4 | D22: 11389 | E22: 270.18 | F22: 505.57 | G22: 427.17 | H22: 653.59 | I22: 508.65 | J22: 823.86 | K22: -58.88 | L22: -111.33 | M22: 431.21 | N22: 663 | O22: 152.31 | P22: 200.43 | Q22: 512.08 | R22: 830.24 | S22: 70 | T22: 78.28 | U22: 6.42 | V22: 8.91 | W22: -82.15 | X22: 1.6 | Y22: 57.93 | Z22: 35.86 | AA22: 24.17 | AB22: - | AC22: - | AD22: -
C23: 0244E1 | D23: 11389 | E23: 267.63 | F23: 493.22 | G23: 387.27 | H23: 590.27 | I23: 473.47 | J23: 765.56 | K23: -55.18 | L23: -93.79 | M23: 391.18 | N23: 597.67 | O23: 129.13 | P23: 173.21 | Q23: 476.75 | R23: 769.77 | S23: 71.94 | T23: 77.49 | U23: 6.7 | V23: 8.53 | W23: -81.89 | X23: 1.46 | Y23: 55.62 | Z23: 26.12 | AA23: 16.73 | AB23: - | AC23: - | AD23: -
C24: 0374E3 | D24: 11389 | E24: 265.04 | F24: 502.79 | G24: 389.03 | H24: 613.35 | I24: 473.02 | J24: 785.23 | K24: -66.4 | L24: -144.46 | M24: 394.66 | N24: 630.13 | O24: 123.72 | P24: 197.31 | Q24: 477.89 | R24: 795.55 | S24: 72.92 | T24: 80.46 | U24: 7.99 | V24: 14.93 | W24: -80.31 | X24: 1.49 | Y24: 56.12 | Z24: 19.62 | AA24: 19 | AB24: 2.6 | AC24: 0.256 | AD24: -1.4232
C25: 0429E2 | D25: 11389 | E25: 261.93 | F25: 498.92 | G25: 423.83 | H25: 640.3 | I25: 502.39 | J25: 805.57 | K25: -61.35 | L25: -103.25 | M25: 428.25 | N25: 648.57 | O25: 151.27 | P25: 194.85 | Q25: 506.19 | R25: 811.17 | S25: 69.74 | T25: 76.81 | U25: 6.85 | V25: 10.03 | W25: -81.76 | X25: 1.63 | Y25: 58.55 | Z25: 71.18 | AA25: - | AB25: - | AC25: - | AD25: - | AE25: -
C26: 0429E4 | D26: 11389 | E26: 271.13 | F26: 503.35 | G26: 440.18 | H26: 660.12 | I26: 520.43 | J26: 826.37 | K26: -64.97 | L26: -111.65 | M26: 444.95 | N26: 669.5 | O26: 156.58 | P26: 206.84 | Q26: 524.55 | R26: 831.58 | S26: 70.08 | T26: 76.19 | U26: 7.05 | V26: 9.49 | W26: -81.6 | X26: 1.64 | Y26: 58.64 | Z26: 36.54 | AA26: 30.49 | AB26: 2.908 | AC26: 0.354 | AD26: -1.974
C27: 0532E1 | D27: 11389 | E27: 270.58 | F27: 501.01 | G27: 425.92 | H27: 655.01 | I27: 507.56 | J27: 819.87 | K27: -55.47 | L27: -99.02 | M27: 429.52 | N27: 662.45 | O27: 153.61 | P27: 210.89 | Q27: 510.68 | R27: 823.8 | S27: 69.92 | T27: 75.8 | U27: 6.11 | V27: 7.9 | W27: -82.58 | X27: 1.59 | Y27: 57.79 | Z27: 31.47 | AA27: 26.63 | AB27: - | AC27: - | AD27: -
C28: 0532E4 | D28: 11389 | E28: 265.61 | F28: 493.27 | G28: 423.26 | H28: 635.03 | I28: 503.46 | J28: 800.03 | K28: -51.15 | L28: -90.14 | M28: 426.34 | N28: 641.4 | O28: 156.41 | P28: 205.88 | Q28: 506.14 | R28: 803.82 | S28: 69.38 | T28: 75.73 | U28: 5.75 | V28: 8.4 | W28: -83.11 | X28: 1.61 | Y28: 58.08 | Z28: 41.14 | AA28: 33.25 | AB28: - | AC28: - | AD28: -
C29: 0575E2 | D29: 11389 | E29: 278.81 | F29: 520.05 | G29: 431.02 | H29: 655.09 | I29: 516.9 | J29: 835.93 | K29: -56.99 | L29: -98.23 | M29: 434.77 | N29: 662.41 | O29: 153.17 | P29: 210.52 | Q29: 520.22 | R29: 839.32 | S29: 70.47 | T29: 76.38 | U29: 6.5 | V29: 9.23 | W29: -82.47 | X29: 1.56 | Y29: 57.33 | Z29: 32.1 | AA29: 29.6 | AB29: - | AC29: - | AD29: -
C30: 0575E4 | D30: 11389 | E30: 270.46 | F30: 504.13 | G30: 440.95 | H30: 659.87 | I30: 521.03 | J30: 822.88 | K30: -58.9 | L30: -103.59 | M30: 444.87 | N30: 667.95 | O30: 161.35 | P30: 214.33 | Q30: 524.42 | R30: 827.26 | S30: 69.56 | T30: 75.93 | U30: 6.49 | V30: 8.78 | W30: -82.39 | X30: 1.64 | Y30: 58.7 | Z30: 32.25 | AA30: 28.33 | AB30: - | AC30: - | AD30: -
C31: 0639E1 | D31: 11389 | E31: 257.91 | F31: 478.6 | G31: 401.17 | H31: 600.56 | I31: 480.32 | J31: 765.25 | K31: -51.65 | L31: -88.91 | M31: 404.48 | N31: 607.11 | O31: 144.03 | P31: 184.64 | Q31: 483.13 | R31: 769.18 | S31: 70.04 | T31: 76.43 | U31: 6.12 | V31: 8.03 | W31: -82.66 | X31: 1.57 | Y31: 57.48 | Z31: 54.74 | AA31: 19.08 | AB31: - | AC31: - | AD31: -
C32: 0639E4 | D32: 11389 | E32: 279.43 | F32: 521.98 | G32: 449.49 | H32: 678.56 | I32: 533.21 | J32: 851.67 | K32: -61.73 | L32: -104.53 | M32: 453.71 | N32: 686.56 | O32: 162.08 | P32: 212.43 | Q32: 536.87 | R32: 856.14 | S32: 69.8 | T32: 76.04 | U32: 6.61 | V32: 9.44 | W32: -82.18 | X32: 1.62 | Y32: 58.37 | Z32: 45.32 | AA32: 29.56 | AB32: - | AC32: - | AD32: -
C33: 0699E2 | D33: 11389 | E33: 278.68 | F33: 514.12 | G33: 427.19 | H33: 648.19 | I33: 513.03 | J33: 822.11 | K33: -62.87 | L33: -109.68 | M33: 431.79 | N33: 657.4 | O33: 146.76 | P33: 195.23 | Q33: 516.93 | R33: 827.92 | S33: 71.05 | T33: 76.99 | U33: 6.98 | V33: 9.17 | W33: -81.63 | X33: 1.55 | Y33: 57.16 | Z33: 26.15 | AA33: 20.06 | AB33: - | AC33: - | AD33: -
C34: 0699E3 | D34: 11389 | E34: 286.24 | F34: 529.61 | G34: 434.71 | H34: 665.72 | I34: 523.61 | J34: 846.95 | K34: -63.78 | L34: -112.81 | M34: 439.36 | N34: 675.21 | O34: 148.57 | P34: 199.81 | Q34: 527.55 | R34: 852.72 | S34: 71.14 | T34: 77.18 | U34: 6.93 | V34: 9.28 | W34: -81.65 | X34: 1.53 | Y34: 56.92 | Z34: 24.16 | AA34: 18.47 | AB34: - | AC34: - | AD34: -
B35: 3 | C35: 0025E2 | D35: =D21+11111+139 -> 22639 | E35: 262.31 | F35: 484.75 | G35: 397.74 | H35: 604.84 | I35: 479.64 | J35: 772.32 | K35: -41.06 | L35: -83.22 | M35: 399.85 | N35: 610.54 | O35: 147.29 | P35: 190.49 | Q35: 481.43 | R35: 775.99 | S35: 69.39 | T35: 77.41 | U35: 4.6 | V35: 6.79 | W35: -84.11 | X35: 1.52 | Y35: 56.73 | Z35: 28.68 | AA35: 23.89 | AB35: - | AC35: - | AD35: -
C36: 0025E4 | D36: =D22+11111+139 -> 22639 | E36: 265.39 | F36: 492.82 | G36: 435.73 | H36: 659.35 | I36: 513.44 | J36: 820.82 | K36: -59.13 | L36: -102.31 | M36: 439.72 | N36: 667.24 | O36: 159.47 | P36: 215.28 | Q36: 516.97 | R36: 824.81 | S36: 69.59 | T36: 75.63 | U36: 6.49 | V36: 8.36 | W36: -82.27 | X36: 1.66 | Y36: 58.89 | Z36: 45.47 | AA36: 28.76 | AB36: 2.46 | AC36: 0.28 | AD36: -2.297
C37: 0244E1 | D37: =D23+11111+139 -> 22639 | E37: 267.29 | F37: 491.96 | G37: 384.48 | H37: 583.76 | I37: 471.17 | J37: 758.99 | K37: -54.06 | L37: -91.97 | M37: 388.26 | N37: 590.96 | O37: 128.13 | P37: 166.96 | Q37: 474.3 | R37: 763.68 | S37: 71.78 | T37: 77.74 | U37: 6.54 | V37: 8.61 | W37: -82 | X37: 1.45 | Y37: 55.46 | Z37: 35.74 | AA37: 19.84 | AB37: 2.428 | AC37: 0.296 | AD37: -1.8866
C38: 0374E3 | D38: =D24+11111+139 -> 22639 | E38: 262.97 | F38: 500.46 | G38: 392.5 | H38: 617.1 | I38: 475.2 | J38: 794.45 | K38: -63.17 | L38: -140 | M38: 397.55 | N38: 632.78 | O38: 128.89 | P38: 204.32 | Q38: 479.63 | R38: 800.69 | S38: 71.97 | T38: 80.21 | U38: 7.38 | V38: 11.74 | W38: -80.86 | X38: 1.51 | Y38: 56.52 | Z38: 30.98 | AA38: 25.4 | AB38: 4.534 | AC38: 392 | AD38: -1.7316
C39: 0429E2 | D39: =D25+11111+139 -> 22639 | E39: 259.08 | F39: 496.95 | G39: 420.49 | H39: 641.7 | I39: 497.74 | J39: 808.67 | K39: -61.42 | L39: -106.68 | M39: 424.95 | N39: 650.51 | O39: 149.98 | P39: 195.17 | Q39: 501.59 | R39: 814 | S39: 69.38 | T39: 76.77 | U39: 6.53 | V39: 8.66 | W39: -81.69 | X39: 1.64 | Y39: 58.63 | Z39: 76.64 | AA39: 38.2 | AB39: - | AC39: - | AD39: -
C40: 0429E4 | D40: =D26+11111+139 -> 22639 | E40: 270.43 | F40: 505.73 | G40: 445.91 | H40: 668.42 | I40: 525.29 | J40: 830.32 | K40: -65.55 | L40: -113.16 | M40: 450.7 | N40: 677.93 | O40: 160.25 | P40: 207.92 | Q40: 529.42 | R40: 837.59 | S40: 69.79 | T40: 76.2 | U40: 7.06 | V40: 10.46 | W40: -81.64 | X40: 1.67 | Y40: 59.04 | Z40: 54.29 | AA40: 38.55 | AB40: - | AC40: - | AD40: -
C41: 0532E1 | D41: =D27+11111+139 -> 22639 | E41: 281.39 | F41: 525.58 | G41: 444.06 | H41: 670.97 | I41: 529.41 | J41: 848.21 | K41: -58.18 | L41: -103.79 | M41: 447.86 | N41: 678.95 | O41: 160.16 | P41: 207.52 | Q41: 532.63 | R41: 853.64 | S41: 69.48 | T41: 77.15 | U41: 5.96 | V41: 7.33 | W41: -82.54 | X41: 1.59 | Y41: 57.86 | Z41: 41.89 | AA41: 28.98 | AB41: 3.434 | AC41: 0.386 | AD41: -2.2126
C42: 0532E4 | D42: =D28+11111+139 -> 22639 | E42: 263.62 | F42: 498.81 | G42: 418.9 | H42: 642.25 | I42: 498.66 | J42: 810.78 | K42: -50.2 | L42: -95.13 | M42: 421.9 | N42: 649.26 | O42: 154.82 | P42: 206.79 | Q42: 501.26 | R42: 815.18 | S42: 68.92 | T42: 75.92 | U42: 5.42 | V42: 7.41 | W42: -83.17 | X42: 1.6 | Y42: 58 | Z42: 41.63 | AA42: 34.63 | AB42: - | AC42: - | AD42: -
C43: 0575E2 | D43: =D29+11111+139 -> 22639 | E43: 277.66 | F43: 523.29 | G43: 435.45 | H43: 665.61 | I43: 520.23 | J43: 841.82 | K43: -59.8 | L43: -107.22 | M43: 439.54 | N43: 674.19 | O43: 154.64 | P43: 211.27 | Q43: 523.86 | R43: 846.47 | S43: 70.39 | T43: 76.56 | U43: 6.69 | V43: 9.72 | W43: -82.18 | X43: 1.58 | Y43: 57.72 | Z43: 40.2 | AA43: 37.46 | AB43: 2.398 | AC43: 0.314 | AD43: -1.6916
C44: 0575E4 | D44: =D30+11111+139 -> 22639 | E44: 268.26 | F44: 499.33 | G44: 452.25 | H44: 673.29 | I44: 529.94 | J44: 833.94 | K44: -62.41 | L44: -107.95 | M44: 456.54 | N44: 681.89 | O44: 167.28 | P44: 219.73 | Q44: 533.73 | R44: 839.34 | S44: 69.24 | T44: 75.58 | U44: 6.75 | V44: 9.8 | W44: -82.14 | X44: 1.7 | Y44: 59.56 | Z44: 44.5 | AA44: 35.61 | AB44: - | AC44: - | AD44: -
C45: 0639E1 | D45: =D31+11111+139 -> 22639 | E45: 259.32 | F45: 483.19 | G45: 418.32 | H45: 624.08 | I45: 496.17 | J45: 784.94 | K45: -53.51 | L45: -95.45 | M45: 421.73 | N45: 631.34 | O45: 153.71 | P45: 194.32 | Q45: 499.1 | R45: 789.36 | S45: 69.42 | T45: 76.04 | U45: 6.07 | V45: 8.38 | W45: -82.71 | X45: 1.63 | Y45: 58.41 | Z45: 73.11 | AA45: 28.98 | AB45: 2.69 | AC45: 0.386 | AD45: -1.7858
C46: 0639E4 | D46: =D32+11111+139 -> 22639 | E46: 275.43 | F46: 522.48 | G46: 460.36 | H46: 678.3 | I46: 541.39 | J46: 848.02 | K46: 61.39 | L46: -102.84 | M46: 464.44 | N46: 686.05 | O46: 170.89 | P46: 212.84 | Q46: 544.92 | R46: 852.74 | S46: 68.88 | T46: 76.03 | U46: 6.37 | V46: 9.43 | W46: 82.4 | X46: 1.69 | Y46: 59.33 | Z46: 67.15 | AA46: 31.89 | AB46: - | AC46: - | AD46: -
C47: 0699E2 | D47: =D33+11111+139 -> 22639 | E47: 278.47 | F47: 515.43 | G47: 429.81 | H47: 651.33 | I47: 515.31 | J47: 827.63 | K47: -63.82 | L47: -108.98 | M47: 434.52 | N47: 660.38 | O47: 147.94 | P47: 196.77 | Q47: 519.31 | R47: 833.03 | S47: 70.93 | T47: 77.04 | U47: 7.03 | V47: 9.98 | W47: -81.55 | X47: 1.56 | Y47: 57.35 | Z47: 31.52 | AA47: 29.55 | AB47: - | AC47: - | AD47: -
C48: 0699E3 | D48: =D34+11111+139 -> 22639 | E48: 285.89 | F48: 530.74 | G48: 439.46 | H48: 667.08 | I48: 527.63 | J48: 847.6 | K48: -64.82 | L48: -112.71 | M48: 444.21 | N48: 676.53 | O48: 151.15 | P48: 200.31 | Q48: 531.66 | R48: 853.4 | S48: 70.89 | T48: 77.19 | U48: 6.93 | V48: 9.34 | W48: -81.61 | X48: 1.55 | Y48: 57.23 | Z48: 32.05 | AA48: 21.73 | AB48: - | AC48: - | AD48: -
B49: 4 | C49: 0025E2 | D49: =D35+11111+139 -> 33889 | E49: 265.69 | F49: 495.92 | G49: 429.44 | H49: 639.66 | I49: 508.83 | J49: 806.62 | K49: -55.43 | L49: -95.1 | M49: 433 | N49: 646.69 | O49: 157.65 | P49: 201.39 | Q49: 511.9 | R49: 810.79 | S49: 69.43 | T49: 75.99 | U49: 6.1 | V49: 7.8 | W49: -82.65 | X49: 1.63 | Y49: 58.47 | Z49: 32.79 | AA49: 25.98 | AB49: - | AC49: - | AD49: -
C50: 0025E4 | D50: =D36+11111+139 -> 33889 | E50: 266.59 | F50: 494.54 | G50: 445.07 | H50: 667.48 | I50: 522.33 | J50: 826.34 | K50: -61.63 | L50: -106.25 | M50: 449.32 | N50: 675.88 | O50: 163.6 | P50: 217.62 | Q50: 526.09 | R50: 830.87 | S50: 50.19 | T50: 75.63 | U50: 6.75 | V50: 9.01 | W50: -82.12 | X50: 1.69 | Y50: 59.32 | Z50: 55.65 | AA50: 31.68 | AB50: - | AC50: - | AD50: -
C51: 0244E1 | D51: =D37+11111+139 -> 33889 | E51: 266.47 | F51: 493.21 | G51: 393.71 | H51: 494.57 | I51: 478.63 | J51: 767.75 | K51: -55.69 | L51: -94.77 | M51: 397.63 | N51: 503.57 | O51: 133.47 | P51: 173.47 | Q51: 481.91 | R51: 772.65 | S51: 71.41 | T51: 77.39 | U51: 6.67 | V51: 8.86 | W51: -81.98 | X51: 1.49 | Y51: 56.17 | Z51: 37.95 | AA51: 24.93
C52: 0374E3 | D52: =D38+11111+139 -> 33889 | E52: 268.1 | F52: 493.32 | G52: 401.18 | H52: 604.46 | I52: 485.61 | J52: 775.63 | K52: -61.41 | L52: -101.45 | M52: 405.85 | N52: 612.91 | O52: 134.08 | P52: 175.86 | Q52: 489.53 | R52: 780.99 | S52: 71.71 | T52: 77.53 | U52: 7.29 | V52: 9.53 | W52: -81.3 | X52: 1.51 | Y52: 56.55 | Z52: 41.95 | AA52: 25.8 | AB52: - | AC52: - | AD52: -
C53: 0429E2 | D53: =D39+11111+139 -> 33889 | E53: 269.14 | F53: 514.52 | G53: 450.15 | H53: 669.01 | I53: 529.5 | J53: 838.85 | K53: -69.18 | L53: -114.65 | M53: 455.43 | N53: 678.76 | O53: 161.09 | P53: 201.55 | Q53: 534.04 | R53: 845.35 | S53: 69.69 | T53: 77.44 | U53: 7.56 | V53: 11.02 | W53: -81.26 | X53: 1.69 | Y53: 59.42 | Z53: 94.86 | AA53: 49.27 | AB53: - | AC53: - | AD53: -
C54: 0429E4 | D54: =D40+11111+139 -> 33889 | E54: 269.46 | F54: 502.89 | G54: 457.48 | H54: 681.07 | I54: 535.01 | J54: 841.24 | K54: -68.07 | L54: -115.47 | M54: 462.52 | N54: 690.79 | O54: 166.59 | P54: 218.23 | Q54: 539.41 | R54: 847.48 | S54: 69.32 | T54: 75.8 | U54: 7.14 | V54: 9.84 | W54: -81.54 | X54: 1.72 | Y54: 59.77 | Z54: 58.99 | AA54: 39.23 | AB54: - | AC54: - | AD54: -
C55: 0532E1 | D55: =D41+11111+139 -> 33889 | E55: 274.43 | F55: 510.93 | G55: 447.22 | H55: 673.42 | I55: 528.38 | J55: 843.44 | K55: -59.87 | L55: -105.33 | M55: 451.21 | N55: 681.61 | O55: 163.52 | P55: 219.28 | Q55: 531.88 | R55: 847.28 | S55: 69.49 | T55: 75.75 | U55: 6.4 | V55: 8.63 | W55: -82.38 | X55: 1.64 | Y55: 58.69 | Z55: 48.86 | AA55: 36.9 | AB55: - | AC55: - | AD55: -
C56: 0532E4 | D56: =D42+11111+139 -> 33889 | E56: 273.84 | F56: 515.67 | G56: 437.12 | H56: 648.69 | I56: 520.31 | J56: 825.51 | K56: -52.12 | L56: -92.32 | M56: 440.22 | N56: 655.23 | O56: 162.16 | P56: 202.64 | Q56: 522.93 | R56: 829.58 | S56: 68.89 | T56: 76.87 | U56: 5.54 | V56: 7.46 | W56: -83.2 | X56: 1.61 | Y56: 58.12 | Z56: 66.55 | AA56: 42.56 | AB56: - | AC56: - | AD56: -
C57: 0575E2 | D57: =D43+11111+139 -> 33889 | E57: 279.09 | F57: 527.26 | G57: 447.47 | H57: 672.66 | I57: 531.57 | J57: 850.56 | K57: -61.12 | L57: -109.09 | M57: 451.62 | N57: 681.45 | O57: 161.26 | P57: 217.17 | Q57: 535.26 | R57: 854.23 | S57: 69.99 | T57: 76.46 | U57: 6.74 | V57: 10.09 | W57: -82.22 | X57: 1.62 | Y57: 58.28 | Z57: 44.95 | AA57: 38.96 | AB57: - | AC57: - | AD57: -
C58: 0575E4 | D58: =D44+11111+139 -> 33889 | E58: 268.61 | F58: 507 | G58: 460.73 | H58: 681.83 | I58: 537.94 | J58: 843.86 | K58: -62.61 | L58: -105.13 | M58: 464.96 | N58: 689.89 | O58: 172.67 | P58: 222.03 | Q58: 541.66 | R58: 848.47 | S58: 68.83 | T58: 75.35 | U58: 6.69 | V58: 9.83 | W58: -82.26 | X58: 1.73 | Y58: 59.98 | Z58: 64.24 | AA58: 47.71 | AB58: - | AC58: - | AD58: -
C59: 0639E1 | D59: =D45+11111+139 -> 33889 | E59: 257.41 | F59: 493.42 | G59: 453.08 | H59: 665.3 | I59: 526.49 | J59: 824.25 | K59: -58.85 | L59: -101.58 | M59: 456.89 | N59: 673.01 | O59: 173.91 | P59: 216.01 | Q59: 529.86 | R59: 828.49 | S59: 68.03 | T59: 75.17 | U59: 6.23 | V59: 9.05 | W59: -82.6 | X59: 1.77 | Y59: 60.6 | Z59: 82.57 | AA59: 47.9 | AB59: - | AC59: - | AD59: -
C60: 0639E4 | D60: =D46+11111+139 -> 33889 | E60: 272.06 | F60: 525.68 | G60: 497.35 | H60: 725.37 | I60: 572.81 | J60: 890.74 | K60: -69.52 | L60: -115.03 | M60: 502.18 | N60: 734.43 | O60: 191.23 | P60: 240.91 | Q60: 577.23 | R60: 896.44 | S60: 68.11 | T60: 74.84 | U60: 6.9 | V60: 10.35 | W60: -82.04 | X60: 1.85 | Y60: 61.55 | Z60: 71.56 | AA60: 52.12 | AB60: - | AC60: - | AD60: -
C61: 0699E2 | D61: =D47+11111+139 -> 33889 | E61: 277.04 | F61: 514.77 | G61: 442.9 | H61: 664.82 | I61: 526.1 | J61: 836.03 | K61: -66.02 | L61: -113.89 | M61: 447.79 | N61: 674.5 | O61: 155.67 | P61: 202.03 | Q61: 530.28 | R61: 841.67 | S61: 70.28 | T61: 76.8 | U61: 7.08 | V61: 9.99 | W61: -81.52 | X61: 1.62 | Y61: 58.26 | Z61: 43.86 | AA61: 31.71 | AB61: - | AC61: - | AD61: -
C62: 0699E3 | D62: =D48+11111+139 -> 33889 | E62: 283.63 | F62: 531.65 | G62: 444.67 | H62: 671.54 | I62: 531.11 | J62: 852.5 | K62: -65.07 | L62: -113.31 | M62: 449.41 | N62: 681.03 | O62: 155.22 | P62: 203.78 | Q62: 535.14 | R62: 858.15 | S62: 70.47 | T62: 77.14 | U62: 6.9 | V62: 9.52 | W62: -81.67 | X62: 1.58 | Y62: 57.74 | Z62: 47.9 | AA62: 27.18 | AB62: - | AC62: - | AD62: -
B63: 5 | C63: 0025E2 | D63: =D49+11111+139 -> 45139 | E63: 264.37 | F63: 497.24 | G63: 442.88 | H63: 659.21 | I63: 520.05 | J63: 822.94 | K63: -58.62 | L63: -101.39 | M63: 446.74 | N63: 666.96 | O63: 164.91 | P63: 210.68 | Q63: 523.43 | R63: 827.28 | S63: 68.93 | T63: 75.76 | U63: 6.31 | V63: 8.4 | W63: -82.46 | X63: 1.69 | Y63: 59.38 | Z63: 43.58 | AA63: 27.22 | AB63: - | AC63: - | AD63: -
C64: 0025E4 | D64: =D50+11111+139 -> 45139 | E64: 264.94 | F64: 499.79 | G64: 462.83 | H64: 692.52 | I64: 537.2 | J64: 848.2 | K64: -65.95 | L64: -116.08 | M64: 467.51 | N64: 702.18 | O64: 173.1 | P64: 229.66 | Q64: 541.42 | R64: 853.68 | S64: 68.94 | T64: 75.3 | U64: 6.98 | V64: 9.31 | W64: -81.89 | X64: 1.76 | Y64: 60.46 | Z64: 67.31 | AA64: 35.8 | AB64: 3.706 | AC64: 0.36 | AD64: -1.5978
C65: 0244E1 | D65: =D51+11111+139 -> 45139 | E65: 265.78 | F65: 497.47 | G65: 404.41 | H65: 605.46 | I65: 484.97 | J65: 779.47 | K65: -56.79 | L65: -96.4 | M65: 408.38 | N65: 613.09 | O65: 138.08 | P65: 179.39 | Q65: 488.35 | R65: 783.86 | S65: 70.91 | T65: 77.06 | U65: 6.68 | V65: 9.32 | W65: -82.01 | X65: 1.54 | Y65: 56.94 | Z65: 42.45 | AA65: 28.47 | AB65: - | AC65: - | AD65: -
C66: 0374E3 | D66: =D52+11111+139 -> 45139 | E66: 265.96 | F66: 495.29 | G66: 413.63 | H66: 626.72 | I66: 495.34 | J66: 791.15 | K66: -64.33 | L66: -108.08 | M66: 418.6 | N66: 635.97 | O66: 141.14 | P66: 185.4 | Q66: 499.55 | R66: 797.05 | S66: 70.98 | T66: 77.47 | U66: 7.38 | V66: 9.71 | W66: -81.16 | X66: 1.57 | Y66: 57.57 | Z66: 55.32 | AA66: 28.38 | AB66: - | AC66: - | AD66: -
C67: 0429E2 | D67: =D53+11111+139 -> 45139 | E67: 261.81 | F67: 503.52 | G67: 468.97 | H67: 717.22 | I67: 542.45 | J67: 871.2 | K67: -68.59 | L67: -114.61 | M67: 473.96 | N67: 726.32 | O67: 176.49 | P67: 237.25 | Q67: 546.89 | R67: 877.46 | S67: 68.53 | T67: 75.24 | U67: 7.28 | V67: 10.26 | W67: -81.68 | X67: 1.81 | Y67: 61.08 | Z67: 103.86 | AA67: 50.95 | AB67: - | AC67: - | AD67: -
C68: 0429E4 | D68: =D54+11111+139 -> 45139 | E68: 267.11 | F68: 504.5 | G68: 464.91 | H68: 688.79 | I68: 540.74 | J68: 848.99 | K68: -68.53 | L68: -113.84 | M68: 469.93 | N68: 698.13 | O68: 172.03 | P68: 219.26 | Q68: 545.13 | R68: 854.58 | S68: 68.86 | T68: 75.61 | U68: 7.09 | V68: 10.24 | W68: -81.61 | X68: 1.76 | Y68: 60.39 | Z68: 60.03 | AA68: 41.88 | AB68: - | AC68: - | AD68: -
C69: 0532E1 | D69: =D55+11111+139 -> 45139 | E69: 273.94 | F69: 514.37 | G69: 459.88 | H69: 686.06 | I69: 539.39 | J69: 851.84 | K69: -61.18 | L69: -105.15 | M69: 463.93 | N69: 694.07 | O69: 171.23 | P69: 222.42 | Q69: 542.93 | R69: 856.46 | S69: 68.99 | T69: 75.29 | U69: 6.42 | V69: 8.67 | W69: -82.42 | X69: 1.69 | Y69: 59.44 | Z69: 58.09 | AA69: 39.2 | AB69: 3.838 | AC69: 0.444 | AD69: -1.6856
C70: 0532E4 | D70: =D56+11111+139 -> 45139 | E70: 270.92 | F70: 510.41 | G70: 454.73 | H70: 669.14 | I70: 534.11 | J70: 835.29 | K70: -57.28 | L70: -97.67 | M70: 458.32 | N70: 676.23 | O70: 171.43 | P70: 214.72 | Q70: 537.27 | R70: 839.98 | S70: 68.93 | T70: 75.61 | U70: 6.41 | V70: 10.98 | W70: -82.82 | X70: 1.69 | Y70: 59.41 | Z70: 72.76 | AA70: 44.53 | AB70: - | AC70: - | AD70: -
C71: 0575E2 | D71: =D57+11111+139 -> 45139 | E71: 280 | F71: 531.04 | G71: 454.92 | H71: 683.1 | I71: 538.83 | J71: 864.13 | K71: -60.28 | L71: -101.66 | M71: 458.9 | N71: 690.62 | O71: 166.46 | P71: 222.66 | Q71: 542.37 | R71: 867.43 | S71: 69.49 | T71: 76.1 | U71: 6.49 | V71: 10.38 | W71: -82.45 | X71: 1.64 | Y71: 58.61 | Z71: 52.98 | AA71: 44.78 | AB71: 3.78 | AC71: 0.41 | AD71: -1.5132
C72: 0575E4 | D72: =D58+11111+139 -> 45139 | E72: 267.84 | F72: 505.58 | G72: 478.48 | H72: 699.43 | I72: 553.44 | J72: 860.78 | K72: -65.43 | L72: -108.81 | M72: 482.93 | N72: 707.84 | O72: 182.85 | P72: 235.41 | Q72: 557.42 | R72: 864.79 | S72: 78.3 | T72: 74.9 | U72: 6.8 | V72: 9.81 | W72: -82.21 | X72: 1.8 | Y72: 60.99 | Z72: 72.92 | AA72: 53.25 | AB72: - | AC72: - | AD72: -
C73: 0639E1 | D73: =D59+11111+139 -> 45139 | E73: 253.12 | F73: 497.38 | G73: 495.39 | H73: 708.14 | I73: 563.22 | J73: 859.93 | K73: -62.89 | L73: -105.16 | M73: 499.37 | N73: 715.91 | O73: 200.81 | P73: 242.88 | Q73: 566.84 | R73: 864.18 | S73: 66.48 | T73: 74.17 | U73: 6.16 | V73: 9.13 | W73: -82.76 | X73: 1.97 | Y73: 63.12 | Z73: 99.36 | AA73: 60.75 | AB73: 4.294 | AC73: 0.486 | AD73: -1.7886
C74: 0639E4 | D74: =D60+11111+139 -> 45139 | E74: 269.97 | F74: 534.26 | G74: 526.7 | H74: 757.76 | I74: 599.05 | J74: 922.23 | K74: -72.46 | L74: -116.77 | M74: 531.66 | N74: 766.7 | O74: 209.49 | P74: 257.36 | Q74: 603.64 | R74: 927.06 | S74: 67.07 | T74: 74.32 | U74: 6.85 | V74: 10.28 | W74: -82.16 | X74: 1.97 | Y74: 63.08 | Z74: 76.98 | AA74: 55.36 | AB74: - | AC74: - | AD74: -
C75: 0699E2 | D75: =D61+11111+139 -> 45139 | E75: 274.15 | F75: 518.71 | G75: 453.28 | H75: 680.59 | I75: 533.9 | J75: 848.96 | K75: -68.14 | L75: -114.48 | M75: 458.37 | N75: 690.15 | O75: 162.14 | P75: 210.6 | Q75: 538.29 | R75: 855.15 | S75: 69.78 | T75: 76.58 | U75: 7.23 | V75: 10.02 | W75: -81.45 | X75: 1.67 | Y75: 59.12 | Z75: 50.03 | AA75: 35.75 | AB75: 3.394 | AC75: 0.382 | AD75: -1.8554
C76: 0699E3 | D76: =D62+11111+139 -> 45139 | E76: 283.21 | F76: 533.29 | G76: 453.73 | H76: 681.25 | I76: 538.89 | J76: 859.62 | K76: -65.19 | L76: -116.54 | M76: 458.39 | N76: 691.15 | O76: 160.91 | P76: 216.51 | Q76: 542.94 | R76: 866.01 | S76: 70.06 | T76: 76.98 | U76: 6.88 | V76: 9.74 | W76: -81.82 | X76: 1.62 | Y76: 58.29 | Z76: 58.58 | AA76: 34.73 | AB76: - | AC76: - | AD76: -
B77: 6 | C77: 0025E2 | D77: =D63+11111+139 -> 56389 | E77: 264.64 | F77: 498.07 | G77: 457.62 | H77: 672.75 | I77: 533.28 | J77: 832.22 | K77: -59.23 | L77: -101.48 | M77: 461.44 | N77: 680.36 | O77: 174.2 | P77: 219 | Q77: 536.64 | R77: 837.69 | S77: 68.37 | T77: 75.34 | U77: 6.2 | V77: 8.46 | W77: -82.63 | X77: 1.74 | Y77: 60.17 | Z77: 52.38 | AA77: 36.24 | AB77: - | AC77: - | AD77: -
C78: 0025E4 | D78: =D64+11111+139 -> 56389 | E78: 267.47 | F78: 504.14 | G78: 474.47 | H78: 697.31 | I78: 549.19 | J78: 858.8 | K78: -66.33 | L78: -115.87 | M78: 479.08 | N78: 706.87 | O78: 179.71 | P78: 230.72 | Q78: 553.3 | R78: 863.66 | S78: 68.57 | T78: 75.46 | U78: 6.86 | V78: 9.31 | W78: -82.04 | X78: 1.79 | Y78: 60.83 | Z78: 69.32 | AA78: 38.96 | AB78: - | AC78: - | AD78: -
C79: 0244E1 | D79: =D65+11111+139 -> 56389 | E79: 262.59 | F79: 495.42 | G79: 409.55 | H79: 612.79 | I79: 490.53 | J79: 782.12 | K79: -58.19 | L79: -98.06 | M79: 413.66 | N79: 620.59 | O79: 143.66 | P79: 182.54 | Q79: 494.03 | R79: 786.43 | S79: 70.36 | T79: 76.92 | U79: 6.74 | V79: 9.69 | W79: -81.91 | X79: 1.58 | Y79: 57.59 | Z79: 46.26 | AA79: 29.12 | AB79: 3.228 | AC79: 0.416 | AD79: -1.7014
C80: 0374E3 | D80: =D66+11111+139 -> 56389 | E80: 264.71 | F80: 497.1 | G80: 419.74 | H80: 630.7 | I80: 500.12 | J80: 796.9 | K80: -64.46 | L80: -106.16 | M80: 424.66 | N80: 639.57 | O80: 145.53 | P80: 190.06 | Q80: 504.31 | R80: 802.24 | S80: 70.51 | T80: 77.39 | U80: 7.27 | V80: 9.66 | W80: -81.27 | X80: 1.6 | Y80: 58.06 | Z80: 65.71 | AA80: 30.88 | AB80: - | AC80: - | AD80: -
C81: 0429E2 | D81: =D67+11111+139 -> 56389 | E81: 260.71 | F81: 511.87 | G81: 489.02 | H81: 780.66 | I81: 560.24 | J81: 932.51 | K81: -71.36 | L81: -125.21 | M81: 494.2 | N81: 790.64 | O81: 188.35 | P81: 289.41 | Q81: 564.9 | R81: 937.43 | S81: 67.93 | T81: 74.87 | U81: 7.35 | V81: 11.11 | W81: -81.7 | X81: 1.9 | Y81: 62.19 | Z81: 144.97 | AA81: 52.82 | AB81: - | AC81: - | AD81: -
C82: 0429E4 | D82: =D68+11111+139 -> 56389 | E82: 288.53 | F82: 568.91 | G82: 524.92 | H82: 784.76 | I82: 605.01 | J82: 966.26 | K82: -99.63 | L82: -166.47 | M82: 534.29 | N82: 802.22 | O82: 183.91 | P82: 228.74 | Q82: 613.2 | R82: 977.93 | S82: 69.72 | T82: 77.12 | U82: 9.18 | V82: 11.68 | W82: -79.25 | X82: 1.85 | Y82: 61.63 | Z82: 68.35 | AA82: 44.81 | AB82: 3.632 | AC82: 0.516 | AD82: -2.622
C83: 0532E1 | D83: =D69+11111+139 -> 56389 | E83: 273.06 | F83: 514.68 | G83: 491.98 | H83: 722.33 | I83: 567.58 | J83: 880.91 | K83: -66.96 | L83: -114.88 | M83: 496.52 | N83: 731.41 | O83: 189.02 | P83: 241.27 | Q83: 571.63 | R83: 885.82 | S83: 68.15 | T83: 74.65 | U83: 6.7 | V83: 9.42 | W83: -82.25 | X83: 1.82 | Y83: 61.19 | Z83: 63.19 | AA83: 41.57 | AB83: 2.874 | AC83: 0.516 | AD83: -1.5772
C84: 0532E4 | D84: =D70+11111+139 -> 56389 | E84: 265.33 | F84: 510.11 | G84: 470.96 | H84: 692.86 | I84: 546.07 | J84: 856.2 | K84: -59.88 | L84: -101.95 | M84: 474.75 | N84: 700.32 | O84: 182.39 | P84: 226.83 | Q84: 549.46 | R84: 861.51 | S84: 68.08 | T84: 75.17 | U84: 6.48 | V84: 11.25 | W84: -82.75 | X84: 1.79 | Y84: 60.8 | Z84: 82.21 | AA84: 59.79 | AB84: - | AC84: - | AD84: -
C85: 0575E2 | D85: =D71+11111+139 -> 56389 | E85: 277.76 | F85: 524.32 | G85: 459.61 | H85: 681.43 | I85: 542.09 | J85: 855.43 | K85: -61.07 | L85: -103.26 | M85: 463.65 | N85: 689.21 | O85: 169.81 | P85: 215.71 | Q85: 545.59 | R85: 859.92 | S85: 69.26 | T85: 76.19 | U85: 6.52 | V85: 9.84 | W85: -82.43 | X85: 1.68 | Y85: 59.08 | Z85: 59.89 | AA85: 49.91 | AB85: - | AC85: - | AD85: -
C86: 0575E4 | D86: =D72+11111+139 -> 56389 | E86: 265.37 | F86: 522.19 | G86: 501.82 | H86: 760.99 | I86: 573.58 | J86: 921.33 | K86: -69.41 | L86: -133.89 | M86: 506.6 | N86: 772.68 | O86: 196.56 | P86: 257.29 | Q86: 577.9 | R86: 929.22 | S86: 67.53 | T86: 74.63 | U86: 6.94 | V86: 10.89 | W86: -82.13 | X86: 1.91 | Y86: 62.35 | Z86: 86.17 | AA86: 61.45 | AB86: - | AC86: - | AD86: -
C87: 0639E1 | D87: =D73+11111+139 -> 56389 | E87: 249.76 | F87: 497.09 | G87: 534.56 | H87: 744.44 | I87: 598.27 | J87: 890.76 | K87: -66.37 | L87: -107.85 | M87: 538.66 | N87: 752.21 | O87: 255.67 | P87: 275.54 | Q87: 602.03 | R87: 896.36 | S87: 65.01 | T87: 73.57 | U87: 5.9 | V87: 8.92 | W87: -82.92 | X87: 2.16 | Y87: 65.12 | Z87: 118.51 | AA87: 69.56 | AB87: - | AC87: - | AD87: -
C88: 0639E4 | D88: =D74+11111+139 -> 56389 | E88: 255.85 | F88: 576.17 | G88: 892.98 | H88: 1297.35 | I88: 938.57 | J88: 1407.26 | K88: -134.55 | L88: -224.62 | M88: 903.06 | N88: 1316.65 | O88: 416.44 | P88: 560.44 | Q88: 948.61 | R88: 1420.66 | S88: 61.87 | T88: 69.39 | U88: 7.5 | V88: 11.81 | W88: -81.43 | X88: 3.53 | Y88: 74.18 | Z88: 545.87 | AA88: 101.56 | AB88: - | AC88: - | AD88: -
C89: 0699E2 | D89: =D75+11111+139 -> 56389 | E89: 291.86 | F89: 566.45 | G89: 507.07 | H89: 765.02 | I89: 590.48 | J89: 947.17 | K89: -89.9 | L89: -151.95 | M89: 514.98 | N89: 779.96 | O89: 177.37 | P89: 229.38 | Q89: 597.34 | R89: 957.36 | S89: 69.71 | T89: 77.56 | U89: 8.42 | V89: 11.52 | W89: -79.95 | X89: 1.76 | Y89: 60.46 | Z89: 60.6 | AA89: 36.23 | AB89: - | AC89: - | AD89: -
C90: 0699E3 | D90: =D76+11111+139 -> 56389 | E90: 293.22 | F90: 575.68 | G90: 494.11 | H90: 749.58 | I90: 579.88 | J90: 938.77 | K90: -94.33 | L90: -160.4 | M90: 503.03 | N90: 766.55 | O90: 165.35 | P90: 208.65 | Q90: 587.53 | R90: 950.16 | S90: 70.78 | T90: 78.14 | U90: 9.2 | V90: 11.38 | W90: -79.19 | X90: 1.72 | Y90: 59.76 | Z90: 61.44 | AA90: 37.46 | AB90: - | AC90: - | AD90: -
B91: 7 | C91: 0025E2 | D91: =D77+11111+139 -> 67639 | E91: 264.25 | F91: 502.99 | G91: 474.16 | H91: 692.84 | I91: 548.04 | J91: 851.68 | K91: -62.96 | L91: -106.6 | M91: 478.32 | N91: 700.99 | O91: 182.85 | P91: 226.85 | Q91: 551.72 | R91: 856.31 | S91: 68.03 | T91: 75.08 | U91: 6.47 | V91: 8.97 | W91: -82.44 | X91: 1.81 | Y91: 61.08 | Z91: 54.11 | AA91: 39 | AB91: - | AC91: - | AD91: -
C92: 0025E4 | D92: =D78+11111+139 -> 67639 | E92: 267.68 | F92: 503.49 | G92: 487.82 | H92: 721.77 | I92: 561.42 | J92: 870.81 | K92: -65.87 | L92: -115.11 | M92: 492.25 | N92: 730.89 | O92: 188.82 | P92: 239.51 | Q92: 565.35 | R92: 878.17 | S92: 67.96 | T92: 74.7 | U92: 6.63 | V92: 9.51 | W92: -82.31 | X92: 1.84 | Y92: 61.46 | Z92: 77.16 | AA92: 41.96 | AB92: 3.32 | AC92: 0.372 | AD92: -1.7086
C93: 0244E1 | D93: =D79+11111+139 -> 67639 | E93: 262.9 | F93: 496.79 | G93: 421.21 | H93: 624.32 | I93: 501 | J93: 794.71 | K93: -59.83 | L93: -98.44 | M93: 425.44 | N93: 632.03 | O93: 150.2 | P93: 190.89 | Q93: 504.65 | R93: 799.43 | S93: 69.95 | T93: 76.53 | U93: 6.86 | V93: 9.72 | W93: -81.92 | X93: 1.62 | Y93: 58.29 | Z93: 56.77 | AA93: 34.31 | AB93: - | AC93: - | AD93: -
C94: 0374E3 | D94: =D80+11111+139 -> 67639 | E94: 263.17 | F94: 499.04 | G94: 420.69 | H94: 638.25 | I94: 500.01 | J94: 803.04 | K94: -63.06 | L94: -106.89 | M94: 425.39 | N94: 647.14 | O94: 147.62 | P94: 194.76 | Q94: 504.02 | R94: 809.26 | S94: 70.07 | T94: 77.38 | U94: 6.97 | V94: 8.86 | W94: -81.48 | X94: 1.62 | Y94: 58.26 | Z94: 69.99 | AA94: 34.53 | AB94: - | AC94: - | AD94: -
C95: 0429E2 | D95: =D81+11111+139 -> 67639 | E95: 267.4 | F95: 521.43 | G95: 599.94 | H95: 819.46 | I95: 626.13 | J95: 963.82 | K95: -84.22 | L95: -135.79 | M95: 605.82 | N95: 830.63 | O95: 224.64 | P95: 292.22 | Q95: 631.9 | R95: 972.24 | S95: 66.81 | T95: 73.83 | U95: 7.61 | V95: 11 | W95: -82.01 | X95: 2.27 | Y95: 66.18 | Z95: 244.03 | AA95: 67.75 | AB95: - | AC95: - | AD95: -
C96: 0429E4 | D96: =D82+11111+139 -> 67639 | E96: 275.25 | F96: 529.58 | G96: 508.95 | H96: 767.71 | I96: 584.22 | J96: 925.03 | K96: -74.93 | L96: -126.62 | M96: 514.44 | N96: 778.08 | O96: 194.25 | P96: 256.58 | Q96: 589.1 | R96: 932.27 | S96: 68.13 | T96: 75.02 | U96: 7.25 | V96: 10.83 | W96: -81.62 | X96: 1.87 | Y96: 61.85 | Z96: 88.08 | AA96: 49.3 | AB96: - | AC96: - | AD96: -
C97: 0532E1 | D97: =D83+11111+139 -> 67639 | E97: 275.94 | F97: 534.92 | G97: 589.45 | H97: 875.6 | I97: 656.12 | J97: 1021.25 | K97: -86.46 | L97: -143.73 | M97: 595.76 | N97: 887.32 | O97: 239.84 | P97: 318.7 | Q97: 661.98 | R97: 1030.37 | S97: 66.39 | T97: 73.26 | U97: 7.3 | V97: 10.39 | W97: -81.66 | X97: 2.16 | Y97: 65.15 | Z97: 240.94 | AA97: 48.6 | AB97: - | AC97: - | AD97: -
C98: 0532E4 | D98: =D84+11111+139 -> 67639 | E98: 263.2 | F98: 512.22 | G98: 490.69 | H98: 712.35 | I98: 563.07 | J98: 872.39 | K98: -64.41 | L98: -110.44 | M98: 494.9 | N98: 720.86 | O98: 193.23 | P98: 238.01 | Q98: 566.9 | R98: 878.48 | S98: 67.53 | T98: 74.96 | U98: 6.73 | V98: 12.43 | W98: -82.52 | X98: 1.88 | Y98: 61.99 | Z98: 107.67 | AA98: 64.79 | AB98: - | AC98: - | AD98: -
C99: 0575E2 | D99: =D85+11111+139 -> 67639 | E99: 273.81 | F99: 524.01 | G99: 471.24 | H99: 697.41 | I99: 550.43 | J99: 867.41 | K99: -62.84 | L99: -106.27 | M99: 475.41 | N99: 705.46 | O99: 177.72 | P99: 235.23 | Q99: 554.19 | R99: 870.81 | S99: 68.75 | T99: 75.49 | U99: 6.67 | V99: 10.48 | W99: -82.4 | X99: 1.74 | Y99: 60.06 | Z99: 74.1 | AA99: 50.84 | AB99: - | AC99: - | AD99: -
C100: 0575E4 | D100: =D86+11111+139 -> 67639 | E100: 266.01 | F100: 529.11 | G100: 624.71 | H100: 920.45 | I100: 685.55 | J100: 1055.01 | K100: -90.18 | L100: -154.11 | M100: 631.19 | N100: 933.26 | O100: 264.19 | P100: 350.79 | Q100: 691.66 | R100: 1063.47 | S100: 65.25 | T100: 72.81 | U100: 7.22 | V100: 13.01 | W100: -81.79 | X100: 2.37 | Y100: 67.15 | Z100: 232.65 | AA100: 74.24 | AB100: - | AC100: - | AD100: -
C101: 0639E1 | D101: =D87+11111+139 -> 67639 | E101: - | F101: - | G101: - | H101: - | I101: - | J101: - | K101: - | L101: - | M101: - | N101: - | O101: - | P101: - | Q101: - | R101: - | S101: - | T101: - | U101: - | V101: - | W101: - | X101: - | Y101: - | Z101: 198.32 | AA101: 89.12 | AB101: 4.36 | AC101: 0.598 | AD101: -1.5096 | AE101: -
C102: 0639E4 | D102: =D88+11111+139 -> 67639 | E102: - | F102: - | G102: - | H102: - | I102: - | J102: - | K102: - | L102: - | M102: - | N102: - | O102: - | P102: - | Q102: - | R102: - | S102: - | T102: - | U102: - | V102: - | W102: - | X102: - | Y102: - | Z102: - | AA102: - | AB102: - | AC102: - | AD102: - | AE102: -
C103: 0699E2 | D103: =D89+11111+139 -> 67639 | E103: 279.05 | F103: 546.06 | G103: 507.07 | H103: 806.51 | I103: 584.39 | J103: 967.92 | K103: -77.1 | L103: -137.03 | M103: 512.9 | N103: 818.07 | O103: 190.26 | P103: 263.58 | Q103: 589.56 | R103: 977.2 | S103: 68.44 | T103: 75.32 | U103: 7.45 | V103: 11.02 | W103: -81.35 | X103: 1.84 | Y103: 61.45 | Z103: 93.3 | AA103: 38.9 | AB103: - | AC103: - | AD103: -
C104: 0699E3 | D104: =D90+11111+139 -> 67639 | E104: 264.68 | F104: 523.77 | G104: 476.98 | H104: 747.37 | I104: 551.06 | J104: 912.94 | K104: -68.52 | L104: -129.24 | M104: 481.88 | N104: 758.46 | O104: 180.88 | P104: 245.04 | Q104: 555.4 | R104: 920.4 | S104: 67.84 | T104: 75.52 | U104: 7.08 | V104: 10.66 | W104: -81.83 | X104: 1.82 | Y104: 61.22 | Z104: 70.4 | AA104: 39.36 | AB104: - | AC104: - | AD104: -
...

Sheet reduite
B1: Trial | C1: Edge | D1: NC | E1: N av | F1: N max | G1: Fp av | H1: Fp max | I1: Fs av | J1: Fs max | K1: Fpn av | L1: Fpn max | M1: Fz av | N1: Fz max | O1: R av | P1: R max | Q1: EAA av | R1: EAA max | S1: λ av | T1: λ max | U1: η | V1: μe | W1: β | X1: VB max | Y1: VB av | Z1: Rt | AA1: Ra | AB1: Curve | AD1: RC
B2: N° | C2: ref | D2: rev
A3: Centered Matrix | B3: 1 | C3: 0025E2 | D3: 139 | E3: =(résultats!E7-résultats!E161)/résultats!E162 -> 0.13117438 | F3: =(résultats!F7-résultats!F161)/résultats!F162 -> -0.20324589 | G3: =(résultats!G7-résultats!G161)/résultats!G162 -> -0.96043529 | H3: =(résultats!H7-résultats!H161)/résultats!H162 -> -0.88422386 | I3: =(résultats!I7-résultats!I161)/résultats!I162 -> -0.9141969 | J3: =(résultats!J7-résultats!J161)/résultats!J162 -> -0.8414997 | K3: =(résultats!K7-résultats!K161)/résultats!K162 -> 0.38097318 | L3: =(résultats!L7-résultats!L161)/résultats!L162 -> 0.50134683 | M3: =(résultats!O7-résultats!O161)/résultats!O162 -> -1.0133808 | N3: =(résultats!P7-résultats!P161)/résultats!P162 -> -0.91831806 | O3: =(résultats!Q7-résultats!Q161)/résultats!Q162 -> -1.0470257 | P3: =(résultats!R7-résultats!R161)/résultats!R162 -> -0.83569198 | Q3: =(résultats!S7-résultats!S161)/résultats!S162 -> 1.016998 | R3: =(résultats!T7-résultats!T161)/résultats!T162 -> 1.1397718 | S3: =(résultats!U7-résultats!U161)/résultats!U162 -> -0.39971691 | T3: =(résultats!V7-résultats!V161)/résultats!V162 -> -0.93897707 | ... W3: =(résultats!Y7-résultats!Y161)/résultats!Y162 -> -0.29412152 | X3: - | Y3: - | Z3: - | AA3: - | AB3: -
C4: 0025E4 | D4: 139 | E4: =(résultats!E8-résultats!E161)/résultats!E162 -> -0.027409533 | F4: =(résultats!F8-résultats!F161)/résultats!F162 -> -0.42719562 | G4: =(résultats!G8-résultats!G161)/résultats!G162 -> -0.74256438 | H4: =(résultats!H8-résultats!H161)/résultats!H162 -> -0.67872484 | I4: =(résultats!I8-résultats!I161)/résultats!I162 -> -0.74898522 | J4: =(résultats!J8-résultats!J161)/résultats!J162 -> -0.73440578 | K4: =(résultats!K8-résultats!K161)/résultats!K162 -> 0.18630977 | L4: =(résultats!L8-résultats!L161)/résultats!L162 -> 0.27595733 | M4: =(résultats!O8-résultats!O161)/résultats!O162 -> -0.7922197 | N4: =(résultats!P8-résultats!P161)/résultats!P162 -> -0.6582825 | O4: =(résultats!Q8-résultats!Q161)/résultats!Q162 -> -0.75172837 | P4: =(résultats!R8-résultats!R161)/résultats!R162 -> -0.72955905 | Q4: =(résultats!S8-résultats!S161)/résultats!S162 -> 0.79451822 | R4: =(résultats!T8-résultats!T161)/résultats!T162 -> 0.68183213 | S4: =(résultats!U8-résultats!U161)/résultats!U162 -> 0.11118886 | T4: =(résultats!V8-résultats!V161)/résultats!V162 -> -0.50256109 | ... W4: =(résultats!Y8-résultats!Y161)/résultats!Y162 -> -0.15077957 | X4: - | Y4: - | Z4: =(résultats!AB8-résultats!AB161)/résultats!AB162 -> -1.5081543 | AA4: =(résultats!AC8-résultats!AC161)/résultats!AC162 -> -0.16428662 | AB4: =(résultats!AD8-résultats!AD161)/résultats!AD162 -> 0.38605292
C5: 0244E1 | D5: 139 | E5: =(résultats!E9-résultats!E161)/résultats!E162 -> 0.2230845 | F5: =(résultats!F9-résultats!F161)/résultats!F162 -> 0.055974503 | G5: =(résultats!G9-résultats!G161)/résultats!G162 -> -1.0784787 | H5: =(résultats!H9-résultats!H161)/résultats!H162 -> -0.89974618 | I5: =(résultats!I9-résultats!I161)/résultats!I162 -> -1.0021448 | J5: =(résultats!J9-résultats!J161)/résultats!J162 -> -0.80501127 | K5: =(résultats!K9-résultats!K161)/résultats!K162 -> 0.33520904 | L5: =(résultats!L9-résultats!L161)/résultats!L162 -> 0.36440383 | M5: =(résultats!O9-résultats!O161)/résultats!O162 -> -1.1907182 | N5: =(résultats!P9-résultats!P161)/résultats!P162 -> -1.1112477 | O5: =(résultats!Q9-résultats!Q161)/résultats!Q162 -> -1.0062529 | P5: =(résultats!R9-résultats!R161)/résultats!R162 -> -0.78852179 | Q5: =(résultats!S9-résultats!S161)/résultats!S162 -> 1.2617258 | R5: =(résultats!T9-résultats!T161)/résultats!T162 -> 1.7019948 | S5: =(résultats!U9-résultats!U161)/résultats!U162 -> -0.19697653 | T5: =(résultats!V9-résultats!V161)/résultats!V162 -> -0.76752794 | ... W5: =(résultats!Y9-résultats!Y161)/résultats!Y162 -> -0.37392013 | X5: - | Y5: - | Z5: =(résultats!AB9-résultats!AB161)/résultats!AB162 -> -1.1900417 | AA5: =(résultats!AC9-résultats!AC161)/résultats!AC162 -> -0.16403943 | AB5: =(résultats!AD9-résultats!AD161)/résultats!AD162 -> 0.43456447
C6: 0374E3 | D6: 139 | E6: - | F6: - | G6: - | H6: - | I6: - | J6: - | K6: - | L6: - | M6: - | N6: - | O6: - | P6: - | Q6: - | R6: - | S6: - | T6: - | U6: - | V6: - | W6: - | X6: - | Y6: - | Z6: - | AA6: - | AB6: - | AC6: - | AE6: - | AF6: - | AG6: - | AH6: -
C7: 0429E2 | D7: 139 | E7: =(résultats!E11-résultats!E161)/résultats!E162 -> -0.10903819 | F7: =(résultats!F11-résultats!F161)/résultats!F162 -> -0.28023453 | G7: =(résultats!G11-résultats!G161)/résultats!G162 -> -0.80410751 | H7: =(résultats!H11-résultats!H161)/résultats!H162 -> -0.74459167 | I7: =(résultats!I11-résultats!I161)/résultats!I162 -> -0.81387775 | J7: =(résultats!J11-résultats!J161)/résultats!J162 -> -0.72277843 | K7: =(résultats!K11-résultats!K161)/résultats!K162 -> 0.23008417 | L7: =(résultats!L11-résultats!L161)/résultats!L162 -> 0.38785705 | M7: =(résultats!O11-résultats!O161)/résultats!O162 -> -0.8330723 | N7: =(résultats!P11-résultats!P161)/résultats!P162 -> -0.7999793 | O7: =(résultats!Q11-résultats!Q161)/résultats!Q162 -> -0.81705374 | P7: =(résultats!R11-résultats!R161)/résultats!R162 -> -0.71138814 | Q7: =(résultats!S11-résultats!S161)/résultats!S162 -> 0.65785205 | R7: =(résultats!T11-résultats!T161)/résultats!T162 -> 0.94027333 | S7: =(résultats!U11-résultats!U161)/résultats!U162 -> -0.099661141 | T7: =(résultats!V11-résultats!V161)/résultats!V162 -> -0.52983709 | ... W7: =(résultats!Y11-résultats!Y161)/résultats!Y162 -> -0.16038495 | X7: - | Y7: - | Z7: - | AA7: - | AB7: -
C8: 0429E4 | D8: 139 | E8: =(résultats!E12-résultats!E161)/résultats!E162 -> 0.055776919 | F8: =(résultats!F12-résultats!F161)/résultats!F162 -> -0.37997844 | G8: =(résultats!G12-résultats!G161)/résultats!G162 -> -0.68452036 | H8: =(résultats!H12-résultats!H161)/résultats!H162 -> -0.64458947 | I8: =(résultats!I12-résultats!I161)/résultats!I162 -> -1.0177775 | J8: =(résultats!J12-résultats!J161)/résultats!J162 -> -0.66991993 | K8: =(résultats!K12-résultats!K161)/résultats!K162 -> 0.10075072 | L8: =(résultats!L12-résultats!L161)/résultats!L162 -> 0.27138594 | M8: =(résultats!O12-résultats!O161)/résultats!O162 -> -0.77142201 | N8: =(résultats!P12-résultats!P161)/résultats!P162 -> -0.5933704 | O8: =(résultats!Q12-résultats!Q161)/résultats!Q162 -> -0.68040374 | P8: =(résultats!R12-résultats!R161)/résultats!R162 -> -0.66080626 | Q8: =(résultats!S12-résultats!S161)/résultats!S162 -> 0.84537075 | R8: =(résultats!T12-résultats!T161)/résultats!T162 -> 0.56848072 | S8: =(résultats!U12-résultats!U161)/résultats!U162 -> 0.35447732 | T8: =(résultats!V12-résultats!V161)/résultats!V162 -> -0.30383595 | ... W8: =(résultats!Y12-résultats!Y161)/résultats!Y162 -> -0.14265193 | X8: - | Y8: - | Z8: =(résultats!AB12-résultats!AB161)/résultats!AB162 -> -1.1454812 | AA8: =(résultats!AC12-résultats!AC161)/résultats!AC162 -> -0.163553 | AB8: =(résultats!AD12-résultats!AD161)/résultats!AD162 -> -0.35374823
C9: 0532E1 | D9: 139 | E9: =(résultats!E13-résultats!E161)/résultats!E162 -> 0.1511142 | F9: =(résultats!F13-résultats!F161)/résultats!F162 -> -0.1831454 | G9: =(résultats!G13-résultats!G161)/résultats!G162 -> -0.6999576 | H9: =(résultats!H13-résultats!H161)/résultats!H162 -> -0.60983596 | I9: =(résultats!I13-résultats!I161)/résultats!I162 -> -0.67284614 | J9: =(résultats!J13-résultats!J161)/résultats!J162 -> -0.6211157 | K9: =(résultats!K13-résultats!K161)/résultats!K162 -> 0.26291496 | L9: =(résultats!L13-résultats!L161)/résultats!L162 -> 0.2393862 | M9: =(résultats!O13-résultats!O161)/résultats!O162 -> -0.74913877 | N9: =(résultats!P13-résultats!P161)/résultats!P162 -> -0.6652512 | O9: =(résultats!Q13-résultats!Q161)/résultats!Q162 -> -0.68040374 | P9: =(résultats!R13-résultats!R161)/résultats!R162 -> -0.59754184 | Q9: =(résultats!S13-résultats!S161)/résultats!S162 -> 0.75637882 | R9: =(résultats!T13-résultats!T161)/résultats!T162 -> 0.6636959 | S9: =(résultats!U13-résultats!U161)/résultats!U162 -> -0.14020922 | T9: =(résultats!V13-résultats!V161)/résultats!V162 -> -0.64283765 | ... W9: =(résultats!Y13-résultats!Y161)/résultats!Y162 -> -0.1744236 | X9: - | Y9: - | Z9: =(résultats!AB13-résultats!AB161)/résultats!AB162 -> -1.2630715 | AA9: =(résultats!AC13-résultats!AC161)/résultats!AC162 -> -0.16435839 | AB9: =(résultats!AD13-résultats!AD161)/résultats!AD162 -> -0.14253398
C10: 0532E4 | D10: 139 | E10: =(résultats!E14-résultats!E161)/résultats!E162 -> 0.096279685 | F10: =(résultats!F14-résultats!F161)/résultats!F162 -> -0.37940956 | G10: =(résultats!G14-résultats!G161)/résultats!G162 -> -1.9300997 | H10: =(résultats!H14-résultats!H161)/résultats!H162 -> -0.85070664 | I10: =(résultats!I14-résultats!I161)/résultats!I162 -> -0.86752375 | J10: =(résultats!J14-résultats!J161)/résultats!J162 -> -0.84463602 | K10: =(résultats!K14-résultats!K161)/résultats!K162 -> 0.40849799 | L10: =(résultats!L14-résultats!L161)/résultats!L162 -> 0.44907395 | M10: =(résultats!O14-résultats!O161)/résultats!O162 -> -0.92461926 | N10: =(résultats!P14-résultats!P161)/résultats!P162 -> -0.80785134 | O10: =(résultats!Q14-résultats!Q161)/résultats!Q162 -> -0.87693533 | P10: =(résultats!R14-résultats!R161)/résultats!R162 -> -0.8399195 | Q10: =(résultats!S14-résultats!S161)/résultats!S162 -> 0.92164954 | R10: =(résultats!T14-résultats!T161)/résultats!T162 -> 0.94934145 | S10: =(résultats!U14-résultats!U161)/résultats!U162 -> -0.39160729 | T10: =(résultats!V14-résultats!V161)/résultats!V162 -> -0.69738965 | ... W10: =(résultats!Y14-résultats!Y161)/résultats!Y162 -> -0.84606193 | X10: - | Y10: - | Z10: - | AA10: - | AB10: -
C11: 0575E2 | D11: 139 | E11: - | F11: - | G11: - | H11: - | I11: - | J11: - | K11: - | L11: - | M11: - | N11: - | O11: - | P11: - | Q11: - | R11: - | S11: - | T11: - | U11: - | V11: - | W11: - | X11: - | Y11: - | Z11: - | AA11: - | AB11: - | AC11: - | AE11: - | AF11: - | AG11: - | AH11: -
C12: 0575E4 | D12: 139 | E12: =(résultats!E16-résultats!E161)/résultats!E162 -> 0.072601145 | F12: =(résultats!F16-résultats!F161)/résultats!F162 -> -0.18883422 | G12: =(résultats!G16-résultats!G161)/résultats!G162 -> -0.65498378 | H12: =(résultats!H16-résultats!H161)/résultats!H162 -> -0.56320032 | I12: =(résultats!I16-résultats!I161)/résultats!I162 -> -0.64236801 | J12: =(résultats!J16-résultats!J161)/résultats!J162 -> -0.56343797 | K12: =(résultats!K16-résultats!K161)/résultats!K162 -> 0.22709955 | L12: =(résultats!L16-résultats!L161)/résultats!L162 -> 0.30577076 | M12: =(résultats!O16-résultats!O161)/résultats!O162 -> -0.69250221 | N12: =(résultats!P16-résultats!P161)/résultats!P162 -> -0.57569056 | O12: =(résultats!Q16-résultats!Q161)/résultats!Q162 -> -0.64896312 | P12: =(résultats!R16-résultats!R161)/résultats!R162 -> -0.5560825 | Q12: =(résultats!S16-résultats!S161)/résultats!S162 -> 0.65149548 | R12: =(résultats!T16-résultats!T161)/résultats!T162 -> 1.0218863 | S12: =(résultats!U16-résultats!U161)/résultats!U162 -> -0.0023457565 | T12: =(résultats!V16-résultats!V161)/résultats!V162 -> -0.085627959 | ... W12: =(résultats!Y16-résultats!Y161)/résultats!Y162 -> -0.13600204 | X12: - | Y12: - | Z12: - | AA12: - | AB12: -
C13: 0639E1 | D13: 139 | E13: =(résultats!E17-résultats!E161)/résultats!E162 -> -0.25048631 | F13: =(résultats!F17-résultats!F161)/résultats!F162 -> -0.72547921 | G13: =(résultats!G17-résultats!G161)/résultats!G162 -> -1.1173806 | H13: =(résultats!H17-résultats!H161)/résultats!H162 -> -1.0571672 | I13: =(résultats!I17-résultats!I161)/résultats!I162 -> -1.1357537 | J13: =(résultats!J17-résultats!J161)/résultats!J162 -> -1.1565853 | K13: =(résultats!K17-résultats!K161)/résultats!K162 -> 0.50334251 | L13: =(résultats!L17-résultats!L161)/résultats!L162 -> 0.62040177 | M13: =(résultats!O17-résultats!O161)/résultats!O162 -> -1.0781879 | N13: =(résultats!P17-résultats!P161)/résultats!P162 -> -1.0120083 | O13: =(résultats!Q17-résultats!Q161)/résultats!Q162 -> -1.1439028 | P13: =(résultats!R17-résultats!R161)/résultats!R162 -> -1.1379966 | Q13: =(résultats!S17-résultats!S161)/résultats!S162 -> 0.98203692 | R13: =(résultats!T17-résultats!T161)/résultats!T162 -> 0.89493277 | S13: =(résultats!U17-résultats!U161)/résultats!U162 -> -0.39971691 | T13: =(résultats!V17-résultats!V161)/résultats!V162 -> -1.0013222 | ... W13: =(résultats!Y17-résultats!Y161)/résultats!Y162 -> -0.28377726 | X13: - | Y13: - | Z13: - | AA13: - | AB13: -
C14: 0639E4 | D14: 139 | E14: =(résultats!E18-résultats!E161)/résultats!E162 -> 0.45550807 | F14: =(résultats!F18-résultats!F161)/résultats!F162 -> 0.35520623 | G14: =(résultats!G18-résultats!G161)/résultats!G162 -> -0.65199925 | H14: =(résultats!H18-résultats!H161)/résultats!H162 -> -0.55557653 | I14: =(résultats!I18-résultats!I161)/résultats!I162 -> -0.5627425 | J14: =(résultats!J18-résultats!J161)/résultats!J162 -> -0.43347184 | K14: =(résultats!K18-résultats!K161)/résultats!K162 -> 0.41181423 | L14: =(résultats!L18-résultats!L161)/résultats!L162 -> 0.4474839 | M14: =(résultats!O18-résultats!O161)/résultats!O162 -> -0.69825872 | N14: =(résultats!P18-résultats!P161)/résultats!P162 -> -0.67402659 | O14: =(résultats!Q18-résultats!Q161)/résultats!Q162 -> -0.57808288 | P14: =(résultats!R18-résultats!R161)/résultats!R162 -> -0.43867618 | Q14: =(résultats!S18-résultats!S161)/résultats!S162 -> 0.65149548 | R14: =(résultats!T18-résultats!T161)/résultats!T162 -> 1.0400226 | S14: =(résultats!U18-résultats!U161)/résultats!U162 -> -0.63489576 | T14: =(résultats!V18-résultats!V161)/résultats!V162 -> -0.94677022 | ... W14: =(résultats!Y18-résultats!Y161)/résultats!Y162 -> -0.22466717 | X14: - | Y14: - | Z14: - | AA14: - | AB14: -
C15: 0699E2 | D15: 139 | E15: =(résultats!E19-résultats!E161)/résultats!E162 -> 0.36048235 | F15: =(résultats!F19-résultats!F161)/résultats!F162 -> -0.095348007 | G15: =(résultats!G19-résultats!G161)/résultats!G162 -> -0.84650846 | H15: =(résultats!H19-résultats!H161)/résultats!H162 -> -0.74665215 | I15: =(résultats!I19-résultats!I161)/résultats!I162 -> -0.76934145 | J15: =(résultats!J19-résultats!J161)/résultats!J162 -> -0.67994086 | K15: =(résultats!K19-résultats!K161)/résultats!K162 -> 0.14916786 | L15: =(résultats!L19-résultats!L161)/résultats!L162 -> 0.26621828 | M15: =(résultats!O19-résultats!O161)/résultats!O162 -> -1.0098526 | N15: =(résultats!P19-résultats!P161)/résultats!P162 -> -0.85830986 | O15: =(résultats!Q19-résultats!Q161)/résultats!Q162 -> -0.77005947 | P15: =(résultats!R19-résultats!R161)/résultats!R162 -> -0.67067047 | Q15: =(résultats!S19-résultats!S161)/résultats!S162 -> 1.2649041 | R15: =(résultats!T19-résultats!T161)/résultats!T162 -> 1.1352378 | S15: =(résultats!U19-résultats!U161)/résultats!U162 -> 0.28149078 | T15: =(résultats!V19-résultats!V161)/résultats!V162 -> -0.4596988 | ... W15: =(résultats!Y19-résultats!Y161)/résultats!Y162 -> -0.28747164 | X15: - | Y15: - | Z15: =(résultats!AB19-résultats!AB161)/résultats!AB162 -> -1.5564281 | AA15: =(résultats!AC19-résultats!AC161)/résultats!AC162 -> -0.16524352 | AB15: =(résultats!AD19-résultats!AD161)/résultats!AD162 -> -0.54826695
C16: 0699E3 | D16: 139 | E16: =(résultats!E20-résultats!E161)/résultats!E162 -> 0.5636193 | F16: =(résultats!F20-résultats!F161)/résultats!F162 -> 0.17354337 | G16: =(résultats!G20-résultats!G161)/résultats!G162 -> -0.7061325 | H16: =(résultats!H20-résultats!H161)/résultats!H162 -> -0.60200612 | I16: =(résultats!I20-résultats!I161)/résultats!I162 -> -0.59715692 | J16: =(résultats!J20-résultats!J161)/résultats!J162 -> -0.48411197 | K16: =(résultats!K20-résultats!K161)/résultats!K162 -> 0.058634449 | L16: =(résultats!L20-résultats!L161)/résultats!L162 -> 0.18433074 | M16: =(résultats!O20-résultats!O161)/résultats!O162 -> -0.91663443 | N16: =(résultats!P20-résultats!P161)/résultats!P162 -> -0.77946037 | O16: =(résultats!Q20-résultats!Q161)/résultats!Q162 -> -0.59752495 | P16: =(résultats!R20-résultats!R161)/résultats!R162 -> -0.48295386 | Q16: =(résultats!S20-résultats!S161)/résultats!S162 -> 1.1790905 | R16: =(résultats!T20-résultats!T161)/résultats!T162 -> 1.1171015 | S16: =(résultats!U20-résultats!U161)/résultats!U162 -> 0.3950254 | T16: =(résultats!V20-résultats!V161)/résultats!V162 -> 0.023476037 | ... W16: =(résultats!Y20-résultats!Y161)/résultats!Y162 -> -0.26604423 | X16: - | Y16: - | Z16: - | AA16: - | AB16: -
B17: 2 | C17: 0025E2 | D17: 11389 | E17: =(résultats!E21-résultats!E161)/résultats!E162 -> -0.047037797 | F17: =(résultats!F21-résultats!F161)/résultats!F162 -> -0.30393793 | G17: =(résultats!G21-résultats!G161)/résultats!G162 -> -0.5661682 | H17: =(résultats!H21-résultats!H161)/résultats!H162 -> -0.56340637 | I17: =(résultats!I21-résultats!I161)/résultats!I162 -> -0.58264888 | J17: =(résultats!J21-résultats!J161)/résultats!J162 -> -0.60145631 | K17: =(résultats!K21-résultats!K161)/résultats!K162 -> 0.19393713 | L17: =(résultats!L21-résultats!L161)/résultats!L162 -> 0.28688892 | M17: =(résultats!O21-résultats!O161)/résultats!O162 -> -0.57402967 | N17: =(résultats!P21-résultats!P161)/résultats!P162 -> -0.5954352 | O17: =(résultats!Q21-résultats!Q161)/résultats!Q162 -> -0.58808166 | P17: =(résultats!R21-résultats!R161)/résultats!R162 -> -0.59546516 | Q17: =(résultats!S21-résultats!S161)/résultats!S162 -> 0.47033335 | R17: =(résultats!T21-résultats!T161)/résultats!T162 -> 0.3735163 | S17: =(résultats!U21-résultats!U161)/résultats!U162 -> -0.22130537 | T17: =(résultats!V21-résultats!V161)/résultats!V162 -> -0.69738965 | ... Y17: =(résultats!AA21-résultats!AA161)/résultats!AA162 -> -1.1855083 | Z17: - | AA17: - | AB17: - | AD17: =0.865*N17+0.814*P17-0.789*R17 -> -1.2944645
C18: 0025E4 | D18: 11389 | E18: =(résultats!E22-résultats!E161)/résultats!E162 -> 0.089425371 | F18: =(résultats!F22-résultats!F161)/résultats!F162 -> -0.14047928 | G18: =(résultats!G22-résultats!G161)/résultats!G162 -> -0.54033655 | H18: =(résultats!H22-résultats!H161)/résultats!H162 -> -0.49589115 | I18: =(résultats!I22-résultats!I161)/résultats!I162 -> -0.53383889 | J18: =(résultats!J22-résultats!J161)/résultats!J162 -> -0.48916068 | K18: =(résultats!K22-résultats!K161)/résultats!K162 -> 0.27352694 | L18: =(résultats!L22-résultats!L161)/résultats!L162 -> 0.24594515 | M18: =(résultats!O22-résultats!O161)/résultats!O162 -> -0.5411619 | N18: =(résultats!P22-résultats!P161)/résultats!P162 -> -0.5269097 | O18: =(résultats!Q22-résultats!Q161)/résultats!Q162 -> -0.54430922 | P18: =(résultats!R22-résultats!R161)/résultats!R162 -> -0.4828797 | Q18: =(résultats!S22-résultats!S161)/résultats!S162 -> 0.39087628 | R18: =(résultats!T22-résultats!T161)/résultats!T162 -> 1.1715102 | S18: =(résultats!U22-résultats!U161)/résultats!U162 -> -0.46459383 | T18: =(résultats!V22-résultats!V161)/résultats!V162 -> -0.47528509 | ... Y18: =(résultats!AA22-résultats!AA161)/résultats!AA162 -> -1.0470111 | Z18: - | AA18: - | AB18: - | AD18: =0.865*N18+0.814*P18-0.789*R18 -> -1.7731625
C19: 0244E1 | D19: 11389 | E19: =(résultats!E23-résultats!E161)/résultats!E162 -> 0.0099776364 | F19: =(résultats!F23-résultats!F161)/résultats!F162 -> -0.37466888 | G19: =(résultats!G23-résultats!G161)/résultats!G162 -> -0.95096711 | H19: =(résultats!H23-résultats!H161)/résultats!H162 -> -0.93079081 | I19: =(résultats!I23-résultats!I161)/résultats!I162 -> -0.92949219 | J19: =(résultats!J23-résultats!J161)/résultats!J162 -> -0.93513039 | K19: =(résultats!K23-résultats!K161)/résultats!K162 -> 0.39622789 | L19: =(résultats!L23-résultats!L161)/résultats!L162 -> 0.59456347 | M19: =(résultats!O23-résultats!O161)/résultats!O162 -> -0.97159975 | N19: =(résultats!P23-résultats!P161)/résultats!P162 -> -0.87818354 | O19: =(résultats!Q23-résultats!Q161)/résultats!Q162 -> -0.93681692 | P19: =(résultats!R23-résultats!R161)/résultats!R162 -> -0.93136737 | Q19: =(résultats!S23-résultats!S161)/résultats!S162 -> 1.0074632 | R19: =(résultats!T23-résultats!T161)/résultats!T162 -> 0.81331976 | S19: =(résultats!U23-résultats!U161)/résultats!U162 -> -0.2375246 | T19: =(résultats!V23-résultats!V161)/résultats!V162 -> -0.6233548 | ... Y19: =(résultats!AA23-résultats!AA161)/résultats!AA162 -> -1.3904843 | Z19: - | AA19: - | AB19: - | AD19: =0.865*N19+0.814*P19-0.789*R19 -> -2.1594711
C20: 0374E3 | D20: 11389 | E20: =(résultats!E24-résultats!E161)/résultats!E162 -> -0.070716337 | F20: =(résultats!F24-résultats!F161)/résultats!F162 -> -0.19319564 | G20: =(résultats!G24-résultats!G161)/résultats!G162 -> -0.93285409 | H20: =(résultats!H24-résultats!H161)/résultats!H162 -> -0.77227085 | I20: =(résultats!I24-résultats!I161)/résultats!I162 -> -0.93455314 | J20: =(résultats!J24-résultats!J161)/résultats!J162 -> -0.78466343 | K20: =(résultats!K24-résultats!K161)/résultats!K162 -> 0.024145531 | L20: =(résultats!L24-résultats!L161)/résultats!L162 -> -0.41253403 | M20: =(résultats!O24-résultats!O161)/résultats!O162 -> -1.07206 | N20: =(résultats!P24-résultats!P161)/résultats!P162 -> -0.56717327 | O20: =(résultats!Q24-résultats!Q161)/résultats!Q162 -> -0.9241518 | P20: =(résultats!R24-résultats!R161)/résultats!R162 -> -0.74016492 | Q20: =(résultats!S24-résultats!S161)/résultats!S162 -> 1.3189349 | R20: =(résultats!T24-résultats!T161)/résultats!T162 -> 2.1599345 | S20: =(résultats!U24-résultats!U161)/résultats!U162 -> 0.80861578 | T20: =(résultats!V24-résultats!V161)/résultats!V162 -> 1.8704508 | ... AB20: =(résultats!AD24-résultats!AD161)/résultats!AD162 -> 1.0324536 | AD20: =0.865*N20+0.814*P20-0.789*R20 -> -2.7972874
C21: 0429E2 | D21: 11389 | E21: =(résultats!E25-résultats!E161)/résultats!E162 -> -0.16761142 | F21: =(résultats!F25-résultats!F161)/résultats!F162 -> -0.26658137 | G21: =(résultats!G25-résultats!G161)/résultats!G162 -> -0.57471013 | H21: =(résultats!H25-résultats!H161)/résultats!H162 -> -0.58717063 | I21: =(résultats!I25-résultats!I161)/résultats!I162 -> -0.60424224 | J21: =(résultats!J25-résultats!J161)/résultats!J162 -> -0.62907125 | K21: =(résultats!K25-résultats!K161)/résultats!K162 -> 0.19161576 | L21: =(résultats!L25-résultats!L161)/résultats!L162 -> 0.40654013 | M21: =(résultats!O25-résultats!O161)/résultats!O162 -> -0.56047404 | N21: =(résultats!P25-résultats!P161)/résultats!P162 -> -0.59891955 | O21: =(résultats!Q25-résultats!Q161)/résultats!Q162 -> -0.60974568 | P21: =(résultats!R25-résultats!R161)/résultats!R162 -> -0.62431611 | Q21: =(résultats!S25-résultats!S161)/résultats!S162 -> 0.30824092 | R21: =(résultats!T25-résultats!T161)/résultats!T162 -> 0.50500393 | S21: =(résultats!U25-résultats!U161)/résultats!U162 -> -0.11588037 | T21: =(résultats!V25-résultats!V161)/résultats!V162 -> -0.038869104 | ... X21: =(résultats!Z25-résultats!Z161)/résultats!Z162 -> -0.19413699 | Y21: - | Z21: - | AA21: - | AB21: - | AC21: - | AD21: =0.865*N21+0.814*P21-0.789*R21 -> -1.4247068 | AE21: - | AF21: - | AG21: - | AH21: -
C22: 0429E4 | D22: 11389 | E22: =(résultats!E26-résultats!E161)/résultats!E162 -> 0.11902355 | F22: =(résultats!F26-résultats!F161)/résultats!F162 -> -0.18257652 | G22: =(résultats!G26-résultats!G161)/résultats!G162 -> -0.40644423 | H22: =(résultats!H26-résultats!H161)/résultats!H162 -> -0.45104126 | I22: =(résultats!I26-résultats!I161)/résultats!I162 -> -0.40135464 | J22: =(résultats!J26-résultats!J161)/résultats!J162 -> -0.46996027 | K22: =(résultats!K26-résultats!K161)/résultats!K162 -> 0.071567793 | L22: =(résultats!L26-résultats!L161)/résultats!L162 -> 0.23958495 | M22: =(résultats!O26-résultats!O161)/résultats!O162 -> -0.46187072 | N22: =(résultats!P26-résultats!P161)/résultats!P162 -> -0.44418871 | O22: =(résultats!Q26-résultats!Q161)/résultats!Q162 -> -0.40577055 | P22: =(résultats!R26-résultats!R161)/résultats!R162 -> -0.47294132 | Q22: =(résultats!S26-résultats!S161)/résultats!S162 -> 0.41630254 | R22: =(résultats!T26-résultats!T161)/résultats!T162 -> 0.22389245 | S22: =(résultats!U26-résultats!U161)/résultats!U162 -> 0.046311936 | T22: =(résultats!V26-résultats!V161)/résultats!V162 -> -0.24928395 | ... AB22: =(résultats!AD26-résultats!AD161)/résultats!AD162 -> -0.70262188 | AD22: =0.865*N22+0.814*P22-0.789*R22 -> -0.94584861
C23: 0532E1 | D23: 11389 | E23: =(résultats!E27-résultats!E161)/résultats!E162 -> 0.10188776 | F23: =(résultats!F27-résultats!F161)/résultats!F162 -> -0.22694929 | G23: =(résultats!G27-résultats!G161)/résultats!G162 -> -0.55320091 | H23: =(résultats!H27-résultats!H161)/résultats!H162 -> -0.48613819 | I23: =(résultats!I27-résultats!I161)/résultats!I162 -> -0.54609762 | J23: =(résultats!J27-résultats!J161)/résultats!J162 -> -0.51968245 | K23: =(résultats!K27-résultats!K161)/résultats!K162 -> 0.38661079 | L23: =(résultats!L27-résultats!L161)/résultats!L162 -> 0.49061399 | M23: =(résultats!O27-résultats!O161)/résultats!O162 -> -0.51702173 | N23: =(résultats!P27-résultats!P161)/résultats!P162 -> -0.3919235 | O23: =(résultats!Q27-résultats!Q161)/résultats!Q162 -> -0.55986288 | P23: =(résultats!R27-résultats!R161)/résultats!R162 -> -0.53064323 | Q23: =(résultats!S27-résultats!S161)/résultats!S162 -> 0.36545001 | R23: =(résultats!T27-résultats!T161)/résultats!T162 -> 0.047064253 | S23: =(résultats!U27-résultats!U161)/résultats!U162 -> -0.71599191 | T23: =(résultats!V27-résultats!V161)/résultats!V162 -> -0.86883879 | ... Y23: =(résultats!AA27-résultats!AA161)/résultats!AA162 -> -0.9334433 | Z23: - | AA23: - | AB23: - | AD23: =0.865*N23+0.814*P23-0.789*R23 -> -0.80809111
C24: 0532E4 | D24: 11389 | E24: =(résultats!E28-résultats!E161)/résultats!E162 -> -0.052957432 | F24: =(résultats!F28-résultats!F161)/résultats!F162 -> -0.37372074 | G24: =(résultats!G28-résultats!G161)/résultats!G162 -> -0.58057629 | H24: =(résultats!H28-résultats!H161)/résultats!H162 -> -0.62336648 | I24: =(résultats!I28-résultats!I161)/résultats!I162 -> -0.59220844 | J24: =(résultats!J28-résultats!J161)/résultats!J162 -> -0.67144984 | K24: =(résultats!K28-résultats!K161)/résultats!K162 -> 0.52987245 | L24: =(résultats!L28-résultats!L161)/résultats!L162 -> 0.66710947 | M24: =(résultats!O28-résultats!O161)/résultats!O162 -> -0.46502751 | N24: =(résultats!P28-résultats!P161)/résultats!P162 -> -0.4565775 | O24: =(résultats!Q28-résultats!Q161)/résultats!Q162 -> -0.61030117 | P24: =(résultats!R28-résultats!R161)/résultats!R162 -> -0.67882884 | Q24: =(résultats!S28-résultats!S161)/résultats!S162 -> 0.19382273 | R24: =(résultats!T28-résultats!T161)/résultats!T162 -> 0.01532586 | S24: =(résultats!U28-résultats!U161)/résultats!U162 -> -1.0079381 | T24: =(résultats!V28-résultats!V161)/résultats!V162 -> -0.67401023 | ... Y24: =(résultats!AA28-résultats!AA161)/résultats!AA162 -> -0.62782597 | Z24: - | AA24: - | AB24: - | AD24: =0.865*N24+0.814*P24-0.789*R24 -> -0.95959831
C25: 0575E2 | D25: 11389 | E25: =(résultats!E29-résultats!E161)/résultats!E162 -> 0.35830143 | F25: =(résultats!F29-résultats!F161)/résultats!F162 -> 0.13410091 | G25: =(résultats!G29-résultats!G161)/résultats!G162 -> -0.5007143 | H25: =(résultats!H29-résultats!H161)/résultats!H162 -> -0.48558873 | I25: =(résultats!I29-résultats!I161)/résultats!I162 -> -0.44105493 | J25: =(résultats!J29-résultats!J161)/résultats!J162 -> -0.39683042 | K25: =(résultats!K29-résultats!K161)/résultats!K162 -> 0.33620391 | L25: =(résultats!L29-résultats!L161)/résultats!L162 -> 0.50631573 | M25: =(résultats!O29-résultats!O161)/résultats!O162 -> -0.52519225 | N25: =(résultats!P29-résultats!P161)/résultats!P162 -> -0.39669834 | O25: =(résultats!Q29-résultats!Q161)/résultats!Q162 -> -0.4538758 | P25: =(résultats!R29-résultats!R161)/résultats!R162 -> -0.41553609 | Q25: =(résultats!S29-résultats!S161)/résultats!S162 -> 0.54025558 | R25: =(résultats!T29-résultats!T161)/résultats!T162 -> 0.31003952 | S25: =(résultats!U29-résultats!U161)/résultats!U162 -> -0.39971691 | T25: =(résultats!V29-résultats!V161)/résultats!V162 -> -0.35059481 | ... Y25: =(résultats!AA29-résultats!AA161)/résultats!AA162 -> -0.79633099 | Z25: - | AA25: - | AB25: - | AD25: =0.865*N25+0.814*P25-0.789*R25 -> -0.92601162
C26: 0575E4 | D26: 11389 | E26: =(résultats!E30-résultats!E161)/résultats!E162 -> 0.098149044 | F26: =(résultats!F30-résultats!F161)/résultats!F162 -> -0.1677856 | G26: =(résultats!G30-résultats!G161)/résultats!G162 -> -0.39851978 | H26: =(résultats!H30-résultats!H161)/résultats!H162 -> -0.45275833 | I26: =(résultats!I30-résultats!I161)/résultats!I162 -> -0.39460672 | J26: =(résultats!J30-résultats!J161)/résultats!J162 -> -0.49665726 | K26: =(résultats!K30-résultats!K161)/résultats!K162 -> 0.27286369 | L26: =(résultats!L30-résultats!L161)/résultats!L162 -> 0.39978242 | M26: =(résultats!O30-résultats!O161)/résultats!O162 -> -0.37329485 | N26: =(résultats!P30-résultats!P161)/résultats!P162 -> -0.34753033 | O26: =(résultats!Q30-résultats!Q161)/résultats!Q162 -> -0.40721482 | P26: =(résultats!R30-résultats!R161)/résultats!R162 -> -0.50498146 | Q26: =(résultats!S30-résultats!S161)/résultats!S162 -> 0.25103182 | R26: =(résultats!T30-résultats!T161)/résultats!T162 -> 0.10600698 | S26: =(résultats!U30-résultats!U161)/résultats!U162 -> -0.40782653 | T26: =(résultats!V30-résultats!V161)/résultats!V162 -> -0.52594052 | ... Y26: =(résultats!AA30-résultats!AA161)/résultats!AA162 -> -0.85496151 | Z26: - | AA26: - | AB26: - | AD26: =0.865*N26+0.814*P26-0.789*R26 -> -0.79530815
C27: 0639E1 | D27: 11389 | E27: =(résultats!E31-résultats!E161)/résultats!E162 -> -0.29285843 | F27: =(résultats!F31-résultats!F161)/résultats!F162 -> -0.65190385 | G27: =(résultats!G31-résultats!G161)/résultats!G162 -> -0.80791536 | H27: =(résultats!H31-résultats!H161)/résultats!H162 -> -0.86011618 | I27: =(résultats!I31-résultats!I161)/résultats!I162 -> -0.85245339 | J27: =(résultats!J31-résultats!J161)/résultats!J162 -> -0.93750176 | K27: =(résultats!K31-résultats!K161)/résultats!K162 -> 0.51329124 | L27: =(résultats!L31-résultats!L161)/résultats!L162 -> 0.69155648 | M27: =(résultats!O31-résultats!O161)/résultats!O162 -> -0.69491623 | N27: =(résultats!P31-résultats!P161)/résultats!P162 -> -0.7306795 | O27: =(résultats!Q31-résultats!Q161)/résultats!Q162 -> -0.86593667 | P27: =(résultats!R31-résultats!R161)/résultats!R162 -> -0.93574323 | Q27: =(résultats!S31-résultats!S161)/résultats!S162 -> 0.40358941 | R27: =(résultats!T31-résultats!T161)/résultats!T162 -> 0.3327098 | S27: =(résultats!U31-résultats!U161)/résultats!U162 -> -0.70788229 | T27: =(résultats!V31-résultats!V161)/résultats!V162 -> -0.81818336 | ... Y27: =(résultats!AA31-résultats!AA161)/résultats!AA162 -> -1.2819948 | Z27: - | AA27: - | AB27: - | AD27: =0.865*N27+0.814*P27-0.789*R27 -> -1.6562408
C28: 0639E4 | D28: 11389 | E28: =(résultats!E32-résultats!E161)/résultats!E162 -> 0.37761813 | F28: =(résultats!F32-résultats!F161)/résultats!F162 -> 0.17069896 | G28: =(résultats!G32-résultats!G161)/résultats!G162 -> -0.31063043 | H28: =(résultats!H32-résultats!H161)/résultats!H162 -> -0.32439013 | I28: =(résultats!I32-résultats!I161)/résultats!I162 -> -0.25762386 | J28: =(résultats!J32-résultats!J161)/résultats!J162 -> -0.27642624 | K28: =(résultats!K32-résultats!K161)/résultats!K162 -> 0.17901404 | L28: =(résultats!L32-résultats!L161)/résultats!L162 -> 0.38109934 | M28: =(résultats!O32-résultats!O161)/résultats!O162 -> -0.35973922 | N28: =(résultats!P32-résultats!P161)/résultats!P162 -> -0.37204981 | O28: =(résultats!Q32-résultats!Q161)/résultats!Q162 -> -0.26889835 | P28: =(résultats!R32-résultats!R161)/résultats!R162 -> -0.29078724 | Q28: =(résultats!S32-résultats!S161)/résultats!S162 -> 0.32731062 | R28: =(résultats!T32-résultats!T161)/résultats!T162 -> 0.1558816 | S28: =(résultats!U32-résultats!U161)/résultats!U162 -> -0.31051114 | T28: =(résultats!V32-résultats!V161)/résultats!V162 -> -0.26876681 | ... Y28: =(résultats!AA32-résultats!AA161)/résultats!AA162 -> -0.79817762 | Z28: - | AA28: - | AB28: - | AD28: =0.865*N28+0.814*P28-0.789*R28 -> -0.68151449
C29: 0699E2 | D29: 11389 | E29: =(résultats!E33-résultats!E161)/résultats!E162 -> 0.35425115 | F29: =(résultats!F33-résultats!F161)/résultats!F162 -> 0.021651979 | G29: =(résultats!G33-résultats!G161)/résultats!G162 -> -0.54013072 | H29: =(résultats!H33-résultats!H161)/résultats!H162 -> -0.53297988 | I29: =(résultats!I33-résultats!I161)/résultats!I162 -> -0.48457905 | J29: =(résultats!J33-résultats!J161)/résultats!J162 -> -0.50254742 | K29: =(résultats!K33-résultats!K161)/résultats!K162 -> 0.14120888 | L29: =(résultats!L33-résultats!L161)/résultats!L162 -> 0.27873992 | M29: =(résultats!O33-résultats!O161)/résultats!O162 -> -0.64422187 | N29: =(résultats!P33-résultats!P161)/résultats!P162 -> -0.59401565 | O29: =(résultats!Q33-résultats!Q161)/résultats!Q162 -> -0.4904269 | P29: =(résultats!R33-résultats!R161)/résultats!R162 -> -0.50008644 | Q29: =(résultats!S33-résultats!S161)/résultats!S162 -> 0.72459599 | R29: =(résultats!T33-résultats!T161)/résultats!T162 -> 0.58661695 | S29: =(résultats!U33-résultats!U161)/résultats!U162 -> -0.010455372 | T29: =(résultats!V33-résultats!V161)/résultats!V162 -> -0.37397424 | ... Y29: =(résultats!AA33-résultats!AA161)/résultats!AA162 -> -1.2367523 | Z29: - | AA29: - | AB29: - | AD29: =0.865*N29+0.814*P29-0.789*R29 -> -1.3837347
C30: 0699E3 | D30: 11389 | E30: =(résultats!E34-résultats!E161)/résultats!E162 -> 0.58979032 | F30: =(résultats!F34-résultats!F161)/résultats!F162 -> 0.31538452 | G30: =(résultats!G34-résultats!G161)/résultats!G162 -> -0.46273869 | H30: =(résultats!H34-résultats!H161)/résultats!H162 -> -0.41257888 | I30: =(résultats!I34-résultats!I161)/résultats!I162 -> -0.36559065 | J30: =(résultats!J34-résultats!J161)/résultats!J162 -> -0.3125322 | K30: =(résultats!K34-résultats!K161)/résultats!K162 -> 0.11103107 | L30: =(résultats!L34-résultats!L161)/résultats!L162 -> 0.21652924 | M30: =(résultats!O34-résultats!O161)/résultats!O162 -> -0.61061132 | N30: =(résultats!P34-résultats!P161)/résultats!P162 -> -0.53491079 | O30: =(résultats!Q34-résultats!Q161)/résultats!Q162 -> -0.37244128 | P30: =(résultats!R34-résultats!R161)/résultats!R162 -> -0.31615235 | Q30: =(résultats!S34-résultats!S161)/résultats!S162 -> 0.75320054 | R30: =(résultats!T34-résultats!T161)/résultats!T162 -> 0.67276402 | S30: =(résultats!U34-résultats!U161)/résultats!U162 -> -0.051003449 | T30: =(résultats!V34-résultats!V161)/résultats!V162 -> -0.33111195 | ... Y30: =(résultats!AA34-résultats!AA161)/résultats!AA162 -> -1.3101559 | Z30: - | AA30: - | AB30: - | AD30: =0.865*N30+0.814*P30-0.789*R30 -> -1.2508567
B31: 3 | C31: 0025E2 | D31: =D17+11111+139 -> 22639 | E31: =(résultats!E35-résultats!E161)/résultats!E162 -> -0.15577215 | F31: =(résultats!F35-résultats!F161)/résultats!F162 -> -0.53528312 | G31: =(résultats!G35-résultats!G161)/résultats!G162 -> -0.84321518 | H31: =(résultats!H35-résultats!H161)/résultats!H162 -> -0.83071993 | I31: =(résultats!I35-résultats!I161)/résultats!I162 -> -0.86010104 | J31: =(résultats!J35-résultats!J161)/résultats!J162 -> -0.88341933 | K31: =(résultats!K35-résultats!K161)/résultats!K162 -> 0.86448128 | L31: =(résultats!L35-résultats!L161)/résultats!L162 -> 0.80464874 | M31: =(résultats!O35-résultats!O161)/résultats!O162 -> -0.63438011 | N31: =(résultats!P35-résultats!P161)/résultats!P162 -> -0.65518531 | O31: =(résultats!Q35-résultats!Q161)/résultats!Q162 -> -0.88482326 | P31: =(résultats!R35-résultats!R161)/résultats!R162 -> -0.88523552 | Q31: =(résultats!S35-résultats!S161)/résultats!S162 -> 0.19700101 | R31: =(résultats!T35-résultats!T161)/résultats!T162 -> 0.77704731 | S31: =(résultats!U35-résultats!U161)/résultats!U162 -> -1.9405438 | T31: =(résultats!V35-résultats!V161)/résultats!V162 -> -1.3013582 | ... Y31: =(résultats!AA35-résultats!AA161)/résultats!AA162 -> -1.0599375 | Z31: - | AA31: - | AB31: - | AD31: =0.865*N31+0.814*P31-0.789*R31 -> -1.9004073
C32: 0025E4 | D32: =D18+11111+139 -> 22639 | E32: =(résultats!E36-résultats!E161)/résultats!E162 -> -0.059811746 | F32: =(résultats!F36-résultats!F161)/résultats!F162 -> -0.38225397 | G32: =(résultats!G36-résultats!G161)/résultats!G162 -> -0.45224137 | H32: =(résultats!H36-résultats!H161)/résultats!H162 -> -0.45632984 | I32: =(résultats!I36-résultats!I161)/résultats!I162 -> -0.47996796 | J32: =(résultats!J36-résultats!J161)/résultats!J162 -> -0.51241536 | K32: =(résultats!K36-résultats!K161)/résultats!K162 -> 0.26523633 | L32: =(résultats!L36-résultats!L161)/résultats!L162 -> 0.42522321 | M32: =(résultats!O36-résultats!O161)/résultats!O162 -> -0.40820526 | N32: =(résultats!P36-résultats!P161)/résultats!P162 -> -0.33527059 | O32: =(résultats!Q36-résultats!Q161)/résultats!Q162 -> -0.48998251 | P32: =(résultats!R36-résultats!R161)/résultats!R162 -> -0.52315236 | Q32: =(résultats!S36-résultats!S161)/résultats!S162 -> 0.26056667 | R32: =(résultats!T36-résultats!T161)/résultats!T162 -> -0.030014703 | S32: =(résultats!U36-résultats!U161)/résultats!U162 -> -0.40782653 | T32: =(résultats!V36-résultats!V161)/résultats!V162 -> -0.68959651 | ... AB32: =(résultats!AD36-résultats!AD161)/résultats!AD162 -> -1.7201044 | AD32: =0.865*N32+0.814*P32-0.789*R32 -> -0.69217348
C33: 0244E1 | D33: =D19+11111+139 -> 22639 | E33: =(résultats!E37-résultats!E161)/résultats!E162 -> -0.00061539487 | F33: =(résultats!F37-résultats!F161)/résultats!F162 -> -0.39856191 | G33: =(résultats!G37-résultats!G161)/résultats!G162 -> -0.97968038 | H33: =(résultats!H37-résultats!H161)/résultats!H162 -> -0.97550333 | I33: =(résultats!I37-résultats!I161)/résultats!I162 -> -0.95535924 | J33: =(résultats!J37-résultats!J161)/résultats!J162 -> -0.98538804 | K33: =(résultats!K37-résultats!K161)/résultats!K162 -> 0.43336981 | L33: =(résultats!L37-résultats!L161)/résultats!L162 -> 0.63073709 | M33: =(résultats!O37-résultats!O161)/résultats!O162 -> -0.99016911 | N33: =(résultats!P37-résultats!P161)/résultats!P162 -> -0.95883973 | O33: =(résultats!Q37-résultats!Q161)/résultats!Q162 -> -0.96403582 | P33: =(résultats!R37-résultats!R161)/résultats!R162 -> -0.97653506 | Q33: =(résultats!S37-résultats!S161)/résultats!S162 -> 0.95661065 | R33: =(résultats!T37-résultats!T161)/résultats!T162 -> 0.92667117 | S33: =(résultats!U37-résultats!U161)/résultats!U162 -> -0.36727845 | T33: =(résultats!V37-résultats!V161)/résultats!V162 -> -0.59218223 | ... AB33: =(résultats!AD37-résultats!AD161)/résultats!AD162 -> -0.42730308 | AD33: =0.865*N33+0.814*P33-0.789*R33 -> -2.3554395
C34: 0374E3 | D34: =D20+11111+139 -> 22639 | E34: =(résultats!E38-résultats!E161)/résultats!E162 -> -0.1352092 | F34: =(résultats!F38-résultats!F161)/résultats!F162 -> -0.23737878 | G34: =(résultats!G38-résultats!G161)/résultats!G162 -> -0.89714261 | H34: =(résultats!H38-résultats!H161)/résultats!H162 -> -0.74651479 | I34: =(résultats!I38-résultats!I161)/résultats!I162 -> -0.91003568 | J34: =(résultats!J38-résultats!J161)/résultats!J162 -> -0.71413442 | K34: =(résultats!K38-résultats!K161)/résultats!K162 -> 0.13126015 | L34: =(résultats!L38-résultats!L161)/résultats!L162 -> -0.32388878 | M34: =(résultats!O38-résultats!O161)/résultats!O162 -> -0.9760564 | N34: =(résultats!P38-résultats!P161)/résultats!P162 -> -0.47670929 | O34: =(résultats!Q38-résultats!Q161)/résultats!Q162 -> -0.90482082 | P34: =(résultats!R38-résultats!R161)/résultats!R162 -> -0.7020431 | Q34: =(résultats!S38-résultats!S161)/résultats!S162 -> 1.016998 | R34: =(résultats!T38-résultats!T161)/résultats!T162 -> 2.0465831 | S34: =(résultats!U38-résultats!U161)/résultats!U162 -> 0.31392924 | T34: =(résultats!V38-résultats!V161)/résultats!V162 -> 0.62744459 | ... AB34: =(résultats!AD38-résultats!AD161)/résultats!AD162 -> 0.060962525 | AD34: =0.865*N34+0.814*P34-0.789*R34 -> -2.5985706
C35: 0429E2 | D35: =D21+11111+139 -> 22639 | E35: =(résultats!E39-résultats!E161)/résultats!E162 -> -0.25640594 | F35: =(résultats!F39-résultats!F161)/résultats!F162 -> -0.30393793 | G35: =(résultats!G39-résultats!G161)/résultats!G162 -> -0.60908372 | H35: =(résultats!H39-résultats!H161)/résultats!H162 -> -0.57755503 | I35: =(résultats!I39-résultats!I161)/résultats!I162 -> -0.65653865 | J35: =(résultats!J39-résultats!J161)/résultats!J162 -> -0.60535759 | K35: =(résultats!K39-résultats!K161)/résultats!K162 -> 0.18929439 | L35: =(résultats!L39-résultats!L161)/résultats!L162 -> 0.33836677 | M35: =(résultats!O39-résultats!O161)/résultats!O162 -> -0.58442852 | N35: =(résultats!P39-résultats!P161)/résultats!P162 -> -0.59478995 | O35: =(résultats!Q39-résultats!Q161)/résultats!Q162 -> -0.66085056 | P35: =(résultats!R39-résultats!R161)/résultats!R162 -> -0.60332686 | Q35: =(résultats!S39-résultats!S161)/résultats!S162 -> 0.19382273 | R35: =(résultats!T39-résultats!T161)/résultats!T162 -> 0.48686771 | S35: =(résultats!U39-résultats!U161)/résultats!U162 -> -0.37538806 | T35: =(résultats!V39-résultats!V161)/résultats!V162 -> -0.57269937 | ... Y35: =(résultats!AA39-résultats!AA161)/résultats!AA162 -> -0.39930547 | Z35: - | AA35: - | AB35: - | AD35: =0.865*N35+0.814*P35-0.789*R35 -> -1.38974
C36: 0429E4 | D36: =D22+11111+139 -> 22639 | E36: =(résultats!E40-résultats!E161)/résultats!E162 -> 0.097214365 | F36: =(résultats!F40-résultats!F161)/résultats!F162 -> -0.13744525 | G36: =(résultats!G40-résultats!G161)/résultats!G162 -> -0.34747397 | H36: =(résultats!H40-résultats!H161)/résultats!H162 -> -0.39403452 | I36: =(résultats!I40-résultats!I161)/résultats!I162 -> -0.34669646 | J36: =(résultats!J40-résultats!J161)/résultats!J162 -> -0.43974448 | K36: =(résultats!K40-résultats!K161)/résultats!K162 -> 0.052333589 | L36: =(résultats!L40-résultats!L161)/résultats!L162 -> 0.20957277 | M36: =(résultats!O40-résultats!O161)/résultats!O162 -> -0.39372115 | N36: =(résultats!P40-résultats!P161)/résultats!P162 -> -0.43025132 | O36: =(résultats!Q40-résultats!Q161)/résultats!Q162 -> -0.35166603 | P36: =(résultats!R40-résultats!R161)/résultats!R162 -> -0.42836697 | Q36: =(résultats!S40-résultats!S161)/résultats!S162 -> 0.32413233 | R36: =(résultats!T40-résultats!T161)/résultats!T162 -> 0.2284265 | S36: =(résultats!U40-résultats!U161)/résultats!U162 -> 0.054421551 | T36: =(résultats!V40-résultats!V161)/résultats!V162 -> 0.12868346 | ... Y36: =(résultats!AA40-résultats!AA161)/résultats!AA162 -> -0.38314745 | Z36: - | AA36: - | AB36: - | AD36: =0.865*N36+0.814*P36-0.789*R36 -> -0.90108662
C37: 0532E1 | D37: =D23+11111+139 -> 22639 | E37: =(résultats!E41-résultats!E161)/résultats!E162 -> 0.43868384 | F37: =(résultats!F41-résultats!F161)/résultats!F162 -> 0.23896476 | G37: =(résultats!G41-résultats!G161)/résultats!G162 -> -0.36651323 | H37: =(résultats!H41-résultats!H161)/résultats!H162 -> -0.3765204 | I37: =(résultats!I41-résultats!I161)/résultats!I162 -> -0.30036071 | J37: =(résultats!J41-résultats!J161)/résultats!J162 -> -0.30289374 | K37: =(résultats!K41-résultats!K161)/résultats!K162 -> 0.29674063 | L37: =(résultats!L41-résultats!L161)/résultats!L162 -> 0.3958073 | M37: =(résultats!O41-résultats!O161)/résultats!O162 -> -0.3953924 | N37: =(résultats!P41-résultats!P161)/résultats!P162 -> -0.43541332 | O37: =(résultats!Q41-résultats!Q161)/résultats!Q162 -> -0.31600372 | P37: =(résultats!R41-résultats!R161)/résultats!R162 -> -0.30932898 | Q37: =(résultats!S41-résultats!S161)/résultats!S162 -> 0.22560556 | R37: =(résultats!T41-résultats!T161)/résultats!T162 -> 0.65916185 | S37: =(résultats!U41-résultats!U161)/résultats!U162 -> -0.83763614 | T37: =(résultats!V41-résultats!V161)/résultats!V162 -> -1.0909434 | ... AB37: =(résultats!AD41-résultats!AD161)/résultats!AD162 -> -1.4542359 | AD37: =0.865*N37+0.814*P37-0.789*R37 -> -1.148505
C38: 0532E4 | D38: =D24+11111+139 -> 22639 | E38: =(résultats!E42-résultats!E161)/résultats!E162 -> -0.11495782 | F38: =(résultats!F42-résultats!F161)/résultats!F162 -> -0.26866727 | G38: =(résultats!G42-résultats!G161)/résultats!G162 -> -0.62544719 | H38: =(résultats!H42-résultats!H161)/résultats!H162 -> -0.57377748 | I38: =(résultats!I42-résultats!I161)/résultats!I162 -> -0.64619183 | J38: =(résultats!J42-résultats!J161)/résultats!J162 -> -0.58921701 | K38: =(résultats!K42-résultats!K161)/résultats!K162 -> 0.56137675 | L38: =(résultats!L42-résultats!L161)/résultats!L162 -> 0.56793014 | M38: =(résultats!O42-résultats!O161)/résultats!O162 -> -0.4945528 | N38: =(résultats!P42-résultats!P161)/résultats!P162 -> -0.44483396 | O38: =(résultats!Q42-résultats!Q161)/résultats!Q162 -> -0.66451678 | P38: =(résultats!R42-résultats!R161)/résultats!R162 -> -0.59457516 | Q38: =(résultats!S42-résultats!S161)/résultats!S162 -> 0.047621712 | R38: =(résultats!T42-résultats!T161)/résultats!T162 -> 0.10147293 | S38: =(résultats!U42-résultats!U161)/résultats!U162 -> -1.2755554 | T38: =(résultats!V42-résultats!V161)/résultats!V162 -> -1.0597708 | ... Y38: =(résultats!AA42-résultats!AA161)/résultats!AA162 -> -0.56411723 | Z38: - | AA38: - | AB38: - | AD38: =0.865*N38+0.814*P38-0.789*R38 -> -0.94882769
C39: 0575E2 | D39: =D25+11111+139 -> 22639 | E39: =(résultats!E43-résultats!E161)/résultats!E162 -> 0.32247206 | F39: =(résultats!F43-résultats!F161)/résultats!F162 -> 0.19554013 | G39: =(résultats!G43-résultats!G161)/résultats!G162 -> -0.45512299 | H39: =(résultats!H43-résultats!H161)/résultats!H162 -> -0.41333439 | I39: =(résultats!I43-résultats!I161)/résultats!I162 -> -0.40360395 | J39: =(résultats!J43-résultats!J161)/résultats!J162 -> -0.35177447 | K39: =(résultats!K43-résultats!K161)/résultats!K162 -> 0.24301751 | L39: =(résultats!L43-résultats!L161)/résultats!L162 -> 0.32763394 | M39: =(résultats!O43-résultats!O161)/résultats!O162 -> -0.49789528 | N39: =(résultats!P43-résultats!P161)/résultats!P162 -> -0.3870196 | O39: =(résultats!Q43-résultats!Q161)/résultats!Q162 -> -0.41343628 | P39: =(résultats!R43-résultats!R161)/résultats!R162 -> -0.3625067 | Q39: =(résultats!S43-résultats!S161)/résultats!S162 -> 0.51482931 | R39: =(résultats!T43-résultats!T161)/résultats!T162 -> 0.39165253 | S39: =(résultats!U43-résultats!U161)/résultats!U162 -> -0.24563422 | T39: =(résultats!V43-résultats!V161)/résultats!V162 -> -0.15966281 | ... AB39: =(résultats!AD43-résultats!AD161)/résultats!AD162 -> 0.18696655 | AD39: =0.865*N39+0.814*P39-0.789*R39 -> -0.93886626
C40: 0575E4 | D40: =D26+11111+139 -> 22639 | E40: =(résultats!E44-résultats!E161)/résultats!E162 -> 0.0296059 | F40: =(résultats!F44-résultats!F161)/résultats!F162 -> -0.25880666 | G40: =(résultats!G44-résultats!G161)/résultats!G162 -> -0.28222591 | H40: =(résultats!H44-résultats!H161)/résultats!H162 -> -0.36058598 | I40: =(résultats!I44-résultats!I161)/résultats!I162 -> -0.29440004 | J40: =(résultats!J44-résultats!J161)/résultats!J162 -> -0.41205305 | K40: =(résultats!K44-résultats!K161)/résultats!K162 -> 0.15646359 | L40: =(résultats!L44-résultats!L161)/résultats!L162 -> 0.31312474 | M40: =(résultats!O44-résultats!O161)/résultats!O162 -> -0.26317853 | N40: =(résultats!P44-résultats!P161)/résultats!P162 -> -0.27784338 | O40: =(résultats!Q44-résultats!Q161)/résultats!Q162 -> -0.30378298 | P40: =(résultats!R44-résultats!R161)/résultats!R162 -> -0.41538775 | Q40: =(résultats!S44-résultats!S161)/résultats!S162 -> 0.14932677 | R40: =(résultats!T44-résultats!T161)/résultats!T162 -> -0.052684984 | S40: =(résultats!U44-résultats!U161)/résultats!U162 -> -0.19697653 | T40: =(résultats!V44-résultats!V161)/résultats!V162 -> -0.12849024 | ... Y40: =(résultats!AA44-résultats!AA161)/résultats!AA162 -> -0.51887478 | Z40: - | AA40: - | AB40: - | AD40: =0.865*N40+0.814*P40-0.789*R40 -> -0.5368917
C41: 0639E1 | D41: =D27+11111+139 -> 22639 | E41: =(résultats!E45-résultats!E161)/résultats!E162 -> -0.24892851 | F41: =(résultats!F45-résultats!F161)/résultats!F162 -> -0.56486497 | G41: =(résultats!G45-résultats!G161)/résultats!G162 -> -0.63141626 | H41: =(résultats!H45-résultats!H161)/résultats!H162 -> -0.69857417 | I41: =(résultats!I45-résultats!I161)/résultats!I162 -> -0.67419572 | J41: =(résultats!J45-résultats!J161)/résultats!J162 -> -0.7868818 | K41: =(résultats!K45-résultats!K161)/résultats!K162 -> 0.45160914 | L41: =(résultats!L45-résultats!L161)/résultats!L162 -> 0.56156994 | M41: =(résultats!O45-résultats!O161)/résultats!O162 -> -0.51516479 | N41: =(résultats!P45-résultats!P161)/résultats!P162 -> -0.60575919 | O41: =(résultats!Q45-résultats!Q161)/résultats!Q162 -> -0.68851386 | P41: =(résultats!R45-résultats!R161)/résultats!R162 -> -0.78607428 | Q41: =(résultats!S45-résultats!S161)/résultats!S162 -> 0.20653586 | R41: =(résultats!T45-résultats!T161)/résultats!T162 -> 0.1558816 | S41: =(résultats!U45-résultats!U161)/résultats!U162 -> -0.74843037 | T41: =(résultats!V45-résultats!V161)/résultats!V162 -> -0.68180337 | ... AB41: =(résultats!AD45-résultats!AD161)/résultats!AD162 -> -0.10977293 | AD41: =0.865*N41+0.814*P41-0.789*R41 -> -1.2868367
C42: 0639E4 | D42: =D28+11111+139 -> 22639 | E42: =(résultats!E46-résultats!E161)/résultats!E162 -> 0.25299424 | F42: =(résultats!F46-résultats!F161)/résultats!F162 -> 0.18018032 | G42: =(résultats!G46-résultats!G161)/résultats!G162 -> -0.1987619 | H42: =(résultats!H46-résultats!H161)/résultats!H162 -> -0.32617588 | I42: =(résultats!I46-résultats!I161)/résultats!I162 -> -0.16562715 | J42: =(résultats!J46-résultats!J161)/résultats!J162 -> -0.30434716 | K42: =(résultats!K46-résultats!K161)/résultats!K162 -> 4.2619713 | L42: =(résultats!L46-résultats!L161)/résultats!L162 -> 0.41468914 | M42: =(résultats!O46-résultats!O161)/résultats!O162 -> -0.19614312 | N42: =(résultats!P46-résultats!P161)/résultats!P162 -> -0.36675877 | O42: =(résultats!Q46-résultats!Q161)/résultats!Q162 -> -0.17946481 | P42: =(résultats!R46-résultats!R161)/résultats!R162 -> -0.31600401 | Q42: =(résultats!S46-résultats!S161)/résultats!S162 -> 0.03490858 | R42: =(résultats!T46-résultats!T161)/résultats!T162 -> 0.15134755 | S42: =(résultats!U46-résultats!U161)/résultats!U162 -> -0.50514191 | T42: =(résultats!V46-résultats!V161)/résultats!V162 -> -0.27266338 | ... Y42: =(résultats!AA46-résultats!AA161)/résultats!AA162 -> -0.6906114 | Z42: - | AA42: - | AB42: - | AD42: =0.865*N42+0.814*P42-0.789*R42 -> -0.69388681
C43: 0699E2 | D43: =D29+11111+139 -> 22639 | E43: =(résultats!E47-résultats!E161)/résultats!E162 -> 0.3477084 | F43: =(résultats!F47-résultats!F161)/résultats!F162 -> 0.046493143 | G43: =(résultats!G47-résultats!G161)/résultats!G162 -> -0.51316701 | H43: =(résultats!H47-résultats!H161)/résultats!H162 -> -0.51141347 | I43: =(résultats!I47-résultats!I161)/résultats!I162 -> -0.45893693 | J43: =(résultats!J47-résultats!J161)/résultats!J162 -> -0.46032182 | K43: =(résultats!K47-résultats!K161)/résultats!K162 -> 0.10970458 | L43: =(résultats!L47-résultats!L161)/résultats!L162 -> 0.29265285 | M43: =(résultats!O47-résultats!O161)/résultats!O162 -> -0.62231002 | N43: =(résultats!P47-résultats!P161)/résultats!P162 -> -0.57414197 | O43: =(résultats!Q47-résultats!Q161)/résultats!Q162 -> -0.46398567 | P43: =(résultats!R47-résultats!R161)/résultats!R162 -> -0.46218711 | Q43: =(résultats!S47-résultats!S161)/résultats!S162 -> 0.6864566 | R43: =(résultats!T47-résultats!T161)/résultats!T162 -> 0.60928723 | S43: =(résultats!U47-résultats!U161)/résultats!U162 -> 0.030092705 | T43: =(résultats!V47-résultats!V161)/résultats!V162 -> -0.05835196 | ... Y43: =(résultats!AA47-résultats!AA161)/résultats!AA162 -> -0.79863928 | Z43: - | AA43: - | AB43: - | AD43: =0.865*N43+0.814*P43-0.789*R43 -> -1.3535807
C44: 0699E3 | D44: =D30+11111+139 -> 22639 | E44: =(résultats!E48-résultats!E161)/résultats!E162 -> 0.57888573 | F44: =(résultats!F48-résultats!F161)/résultats!F162 -> 0.33681239 | G44: =(résultats!G48-résultats!G161)/résultats!G162 -> -0.4138541 | H44: =(résultats!H48-résultats!H161)/résultats!H162 -> -0.40323802 | I44: =(résultats!I48-résultats!I161)/résultats!I162 -> -0.32037955 | J44: =(résultats!J48-résultats!J161)/résultats!J162 -> -0.30755998 | K44: =(résultats!K48-résultats!K161)/résultats!K162 -> 0.076542156 | L44: =(résultats!L48-résultats!L161)/résultats!L162 -> 0.2185168 | M44: =(résultats!O48-résultats!O161)/résultats!O162 -> -0.56270236 | N44: =(résultats!P48-résultats!P161)/résultats!P162 -> -0.5284583 | O44: =(résultats!Q48-résultats!Q161)/résultats!Q162 -> -0.32678018 | P44: =(résultats!R48-résultats!R161)/résultats!R162 -> -0.31110899 | Q44: =(résultats!S48-résultats!S161)/résultats!S162 -> 0.67374346 | R44: =(résultats!T48-résultats!T161)/résultats!T162 -> 0.67729807 | S44: =(résultats!U48-résultats!U161)/résultats!U162 -> -0.051003449 | T44: =(résultats!V48-résultats!V161)/résultats!V162 -> -0.30773252 | ... Y44: =(résultats!AA48-résultats!AA161)/résultats!AA162 -> -1.1596555 | Z44: - | AA44: - | AB44: - | AD44: =0.865*N44+0.814*P44-0.789*R44 -> -1.2447473
B45: 4 | C45: 0025E2 | D45: =D31+11111+139 -> 33889 | E45: =(résultats!E49-résultats!E161)/résultats!E162 -> -0.050464954 | F45: =(résultats!F49-résultats!F161)/résultats!F162 -> -0.32346953 | G45: =(résultats!G49-résultats!G161)/résultats!G162 -> -0.51697486 | H45: =(résultats!H49-résultats!H161)/résultats!H162 -> -0.59156633 | I45: =(résultats!I49-résultats!I161)/résultats!I162 -> -0.53181452 | J45: =(résultats!J49-résultats!J161)/résultats!J162 -> -0.6210392 | K45: =(résultats!K49-résultats!K161)/résultats!K162 -> 0.38793729 | L45: =(résultats!L49-résultats!L161)/résultats!L162 -> 0.56852641 | M45: =(résultats!O49-résultats!O161)/résultats!O162 -> -0.4420015 | N45: =(résultats!P49-résultats!P161)/résultats!P162 -> -0.51452091 | O45: =(résultats!Q49-résultats!Q161)/résultats!Q162 -> -0.54630897 | P45: =(résultats!R49-résultats!R161)/résultats!R162 -> -0.62713446 | Q45: =(résultats!S49-résultats!S161)/résultats!S162 -> 0.20971415 | R45: =(résultats!T49-résultats!T161)/résultats!T162 -> 0.13321132 | S45: =(résultats!U49-résultats!U161)/résultats!U162 -> -0.72410153 | T45: =(résultats!V49-résultats!V161)/résultats!V162 -> -0.9078045 | ... Y45: =(résultats!AA49-résultats!AA161)/résultats!AA162 -> -0.96345104 | Z45: - | AA45: - | AB45: - | AD45: =0.865*N45+0.814*P45-0.789*R45 -> -1.0606518
C46: 0025E4 | D46: =D32+11111+139 -> 33889 | E46: =(résultats!E50-résultats!E161)/résultats!E162 -> -0.022424577 | F46: =(résultats!F50-résultats!F161)/résultats!F162 -> -0.34963809 | G46: =(résultats!G50-résultats!G161)/résultats!G162 -> -0.35611883 | H46: =(résultats!H50-résultats!H161)/résultats!H162 -> -0.4004907 | I46: =(résultats!I50-résultats!I161)/résultats!I162 -> -0.37998622 | J46: =(résultats!J50-résultats!J161)/résultats!J162 -> -0.47018976 | K46: =(résultats!K50-résultats!K161)/résultats!K162 -> 0.18233028 | L46: =(résultats!L50-résultats!L161)/résultats!L162 -> 0.34691328 | M46: =(résultats!O50-résultats!O161)/résultats!O162 -> -0.33151379 | N46: =(résultats!P50-résultats!P161)/résultats!P162 -> -0.30507291 | O46: =(résultats!Q50-résultats!Q161)/résultats!Q162 -> -0.38866152 | P46: =(résultats!R50-résultats!R161)/résultats!R162 -> -0.47820718 | Q46: =(résultats!S50-résultats!S161)/résultats!S162 -> -5.9053024 | R46: =(résultats!T50-résultats!T161)/résultats!T162 -> -0.030014703 | S46: =(résultats!U50-résultats!U161)/résultats!U162 -> -0.19697653 | T46: =(résultats!V50-résultats!V161)/résultats!V162 -> -0.43631938 | ... Y46: =(résultats!AA50-résultats!AA161)/résultats!AA162 -> -0.70030621 | Z46: - | AA46: - | AB46: - | AD46: =0.865*N46+0.814*P46-0.789*R46 -> -0.62946711
C47: 0244E1 | D47: =D33+11111+139 -> 33889 | E47: =(résultats!E51-résultats!E161)/résultats!E162 -> -0.026163294 | F47: =(résultats!F51-résultats!F161)/résultats!F162 -> -0.37485851 | G47: =(résultats!G51-résultats!G161)/résultats!G162 -> -0.8846899 | H47: =(résultats!H51-résultats!H161)/résultats!H162 -> -1.5880855 | I47: =(résultats!I51-résultats!I161)/résultats!I162 -> -0.87146004 | J47: =(résultats!J51-résultats!J161)/résultats!J162 -> -0.91837784 | K47: =(résultats!K51-résultats!K161)/résultats!K162 -> 0.37931506 | L47: =(résultats!L51-résultats!L161)/résultats!L162 -> 0.57508536 | M47: =(résultats!O51-résultats!O161)/résultats!O162 -> -0.89100871 | N47: =(résultats!P51-résultats!P161)/résultats!P162 -> -0.87482825 | O47: =(résultats!Q51-résultats!Q161)/résultats!Q162 -> -0.87949058 | P47: =(résultats!R51-résultats!R161)/résultats!R162 -> -0.91000729 | Q47: =(résultats!S51-résultats!S161)/résultats!S162 -> 0.83901418 | R47: =(résultats!T51-résultats!T161)/résultats!T162 -> 0.7679792 | S47: =(résultats!U51-résultats!U161)/résultats!U162 -> -0.26185345 | T47: =(résultats!V51-résultats!V161)/résultats!V162 -> -0.49476795 | ... AB47: =(résultats!AD51-résultats!AD161)/résultats!AD162 -> 5.5156769 | AD47: =0.865*N47+0.814*P47-0.789*R47 -> -2.103408
C48: 0374E3 | D48: =D34+11111+139 -> 33889 | E48: =(résultats!E52-résultats!E161)/résultats!E162 -> 0.024620944 | F48: =(résultats!F52-résultats!F161)/résultats!F162 -> -0.37277261 | G48: =(résultats!G52-résultats!G161)/résultats!G162 -> -0.80781245 | H48: =(résultats!H52-résultats!H161)/résultats!H162 -> -0.83332988 | I48: =(résultats!I52-résultats!I161)/résultats!I162 -> -0.79295919 | J48: =(résultats!J52-résultats!J161)/résultats!J162 -> -0.85809926 | K48: =(résultats!K52-résultats!K161)/résultats!K162 -> 0.18962601 | L48: =(résultats!L52-résultats!L161)/résultats!L162 -> 0.44231624 | M48: =(résultats!O52-résultats!O161)/résultats!O162 -> -0.8796814 | N48: =(résultats!P52-résultats!P161)/résultats!P162 -> -0.84398532 | O48: =(résultats!Q52-résultats!Q161)/résultats!Q162 -> -0.79483423 | P48: =(résultats!R52-résultats!R161)/résultats!R162 -> -0.84815203 | Q48: =(résultats!S52-résultats!S161)/résultats!S162 -> 0.93436267 | R48: =(résultats!T52-résultats!T161)/résultats!T162 -> 0.83145598 | S48: =(résultats!U52-résultats!U161)/résultats!U162 -> 0.2409427 | T48: =(résultats!V52-résultats!V161)/résultats!V162 -> -0.23369767 | ... Y48: =(résultats!AA52-résultats!AA161)/résultats!AA162 -> -0.97176088 | Z48: - | AA48: - | AB48: - | AD48: =0.865*N48+0.814*P48-0.789*R48 -> -2.0764618
C49: 0429E2 | D49: =D35+11111+139 -> 33889 | E49: =(résultats!E53-résultats!E161)/résultats!E162 -> 0.057023158 | F49: =(résultats!F53-résultats!F161)/résultats!F162 -> 0.029237067 | G49: =(résultats!G53-résultats!G161)/résultats!G162 -> -0.30383804 | H49: =(résultats!H53-résultats!H161)/résultats!H162 -> -0.38998223 | I49: =(résultats!I53-résultats!I161)/résultats!I162 -> -0.29934852 | J49: =(résultats!J53-résultats!J161)/résultats!J162 -> -0.37449368 | K49: =(résultats!K53-résultats!K161)/résultats!K162 -> -0.068045999 | L49: =(résultats!L53-résultats!L161)/résultats!L162 -> 0.1799581 | M49: =(résultats!O53-résultats!O161)/résultats!O162 -> -0.37812289 | N49: =(résultats!P53-résultats!P161)/résultats!P162 -> -0.51245611 | O49: =(résultats!Q53-résultats!Q161)/résultats!Q162 -> -0.30033896 | P49: =(résultats!R53-résultats!R161)/résultats!R162 -> -0.3708134 | Q49: =(résultats!S53-résultats!S161)/résultats!S162 -> 0.2923495 | R49: =(résultats!T53-résultats!T161)/résultats!T162 -> 0.79064948 | S49: =(résultats!U53-résultats!U161)/résultats!U162 -> 0.45990232 | T49: =(résultats!V53-résultats!V161)/résultats!V162 -> 0.34689145 | ... Y49: =(résultats!AA53-résultats!AA161)/résultats!AA162 -> 0.11174948 | Z49: - | AA49: - | AB49: - | AD49: =0.865*N49+0.814*P49-0.789*R49 -> -1.3689391
C50: 0429E4 | D50: =D36+11111+139 -> 33889 | E50: =(résultats!E54-résultats!E161)/résultats!E162 -> 0.06699307 | F50: =(résultats!F54-résultats!F161)/résultats!F162 -> -0.19129937 | G50: =(résultats!G54-résultats!G161)/résultats!G162 -> -0.2284014 | H50: =(résultats!H54-résultats!H161)/résultats!H162 -> -0.30715074 | I50: =(résultats!I54-résultats!I161)/résultats!I162 -> -0.23738008 | J50: =(résultats!J54-résultats!J161)/résultats!J162 -> -0.35621122 | K50: =(résultats!K54-résultats!K161)/résultats!K162 -> -0.031235712 | L50: =(résultats!L54-résultats!L161)/résultats!L162 -> 0.1636601 | M50: =(résultats!O54-résultats!O161)/résultats!O162 -> -0.27599139 | N50: =(résultats!P54-résultats!P161)/résultats!P162 -> -0.29720087 | O50: =(résultats!Q54-résultats!Q161)/résultats!Q162 -> -0.24067957 | P50: =(résultats!R54-résultats!R161)/résultats!R162 -> -0.35501584 | Q50: =(résultats!S54-résultats!S161)/résultats!S162 -> 0.17475303 | R50: =(résultats!T54-résultats!T161)/résultats!T162 -> 0.047064253 | S50: =(résultats!U54-résultats!U161)/résultats!U162 -> 0.11929847 | T50: =(résultats!V54-résultats!V161)/résultats!V162 -> -0.11290396 | ... Y50: =(résultats!AA54-résultats!AA161)/résultats!AA162 -> -0.35175473 | Z50: - | AA50: - | AB50: - | AD50: =0.865*N50+0.814*P50-0.789*R50 -> -0.58319534
C51: 0532E1 | D51: =D37+11111+139 -> 33889 | E51: =(résultats!E55-résultats!E161)/résultats!E162 -> 0.22183826 | F51: =(résultats!F55-résultats!F161)/résultats!F162 -> -0.038839099 | G51: =(résultats!G55-résultats!G161)/résultats!G162 -> -0.33399212 | H51: =(résultats!H55-résultats!H161)/résultats!H162 -> -0.3596931 | I51: =(résultats!I55-résultats!I161)/résultats!I162 -> -0.31194465 | J51: =(résultats!J55-résultats!J161)/résultats!J162 -> -0.33938217 | K51: =(résultats!K55-résultats!K161)/résultats!K162 -> 0.24069614 | L51: =(résultats!L55-résultats!L161)/résultats!L162 -> 0.36519885 | M51: =(résultats!O55-résultats!O161)/résultats!O162 -> -0.33299933 | N51: =(résultats!P55-résultats!P161)/résultats!P162 -> -0.28365063 | O51: =(résultats!Q55-résultats!Q161)/résultats!Q162 -> -0.32433603 | P51: =(résultats!R55-résultats!R161)/résultats!R162 -> -0.35649918 | Q51: =(résultats!S55-résultats!S161)/résultats!S162 -> 0.22878384 | R51: =(résultats!T55-résultats!T161)/résultats!T162 -> 0.024393972 | S51: =(résultats!U55-résultats!U161)/résultats!U162 -> -0.48081306 | T51: =(résultats!V55-résultats!V161)/résultats!V162 -> -0.58438909 | ... Y51: =(résultats!AA55-résultats!AA161)/résultats!AA162 -> -0.45932095 | Z51: - | AA51: - | AB51: - | AD51: =0.865*N51+0.814*P51-0.789*R51 -> -0.55479497
C52: 0532E4 | D52: =D38+11111+139 -> 33889 | E52: =(résultats!E56-résultats!E161)/résultats!E162 -> 0.20345624 | F52: =(résultats!F56-résultats!F161)/résultats!F162 -> 0.051044196 | G52: =(résultats!G56-résultats!G161)/résultats!G162 -> -0.43793619 | H52: =(résultats!H56-résultats!H161)/résultats!H162 -> -0.52954574 | I52: =(résultats!I56-résultats!I161)/résultats!I162 -> -0.40270423 | J52: =(résultats!J56-résultats!J161)/résultats!J162 -> -0.4765389 | K52: =(résultats!K56-résultats!K161)/résultats!K162 -> 0.4977049 | L52: =(résultats!L56-résultats!L161)/résultats!L162 -> 0.62378062 | M52: =(résultats!O56-résultats!O161)/résultats!O162 -> -0.35825367 | N52: =(résultats!P56-résultats!P161)/résultats!P162 -> -0.49838967 | O52: =(résultats!Q56-résultats!Q161)/résultats!Q162 -> -0.42376836 | P52: =(résultats!R56-résultats!R161)/résultats!R162 -> -0.48777472 | Q52: =(résultats!S56-résultats!S161)/résultats!S162 -> 0.038086863 | R52: =(résultats!T56-résultats!T161)/résultats!T162 -> 0.53220827 | S52: =(résultats!U56-résultats!U161)/résultats!U162 -> -1.17824 | T52: =(résultats!V56-résultats!V161)/résultats!V162 -> -1.0402879 | ... Y52: =(résultats!AA56-résultats!AA161)/résultats!AA162 -> -0.19802276 | Z52: - | AA52: - | AB52: - | AD52: =0.865*N52+0.814*P52-0.789*R52 -> -1.248068
C53: 0575E2 | D53: =D39+11111+139 -> 33889 | E53: =(résultats!E57-résultats!E161)/résultats!E162 -> 0.3670251 | F53: =(résultats!F57-résultats!F161)/résultats!F162 -> 0.27082213 | G53: =(résultats!G57-résultats!G161)/résultats!G162 -> -0.33141924 | H53: =(résultats!H57-résultats!H161)/résultats!H162 -> -0.364913 | I53: =(résultats!I57-résultats!I161)/résultats!I162 -> -0.27606818 | J53: =(résultats!J57-résultats!J161)/résultats!J162 -> -0.28491726 | K53: =(résultats!K57-résultats!K161)/résultats!K162 -> 0.19924311 | L53: =(résultats!L57-résultats!L161)/résultats!L162 -> 0.29046653 | M53: =(résultats!O57-résultats!O161)/résultats!O162 -> -0.3749661 | N53: =(résultats!P57-résultats!P161)/résultats!P162 -> -0.31088016 | O53: =(résultats!Q57-résultats!Q161)/résultats!Q162 -> -0.28678506 | P53: =(résultats!R57-résultats!R161)/résultats!R162 -> -0.30495313 | Q53: =(résultats!S57-résultats!S161)/résultats!S162 -> 0.38769799 | R53: =(résultats!T57-résultats!T161)/résultats!T162 -> 0.34631197 | S53: =(résultats!U57-résultats!U161)/résultats!U162 -> -0.20508614 | T53: =(résultats!V57-résultats!V161)/résultats!V162 -> -0.015489676 | ... Y53: =(résultats!AA57-résultats!AA161)/résultats!AA162 -> -0.36421949 | Z53: - | AA53: - | AB53: - | AD53: =0.865*N53+0.814*P53-0.789*R53 -> -0.79038333
C54: 0575E4 | D54: =D40+11111+139 -> 33889 | E54: =(résultats!E58-résultats!E161)/résultats!E162 -> 0.040510491 | F54: =(résultats!F58-résultats!F161)/résultats!F162 -> -0.11336259 | G54: =(résultats!G58-résultats!G161)/résultats!G162 -> -0.19495405 | H54: =(résultats!H58-résultats!H161)/résultats!H162 -> -0.30193084 | I54: =(résultats!I58-résultats!I161)/résultats!I162 -> -0.20442772 | J54: =(résultats!J58-résultats!J161)/résultats!J162 -> -0.33616936 | K54: =(résultats!K58-résultats!K161)/résultats!K162 -> 0.14983111 | L54: =(résultats!L58-résultats!L161)/résultats!L162 -> 0.36917397 | M54: =(résultats!O58-résultats!O161)/résultats!O162 -> -0.16308966 | N54: =(résultats!P58-résultats!P161)/résultats!P162 -> -0.2481619 | O54: =(résultats!Q58-résultats!Q161)/résultats!Q162 -> -0.21568261 | P54: =(résultats!R58-résultats!R161)/résultats!R162 -> -0.34767331 | Q54: =(résultats!S58-résultats!S161)/résultats!S162 -> 0.019017164 | R54: =(résultats!T58-résultats!T161)/résultats!T162 -> -0.15696828 | S54: =(résultats!U58-résultats!U161)/résultats!U162 -> -0.24563422 | T54: =(résultats!V58-résultats!V161)/résultats!V162 -> -0.11680053 | ... Y54: =(résultats!AA58-résultats!AA161)/résultats!AA162 -> 0.0397309 | Z54: - | AA54: - | AB54: - | AD54: =0.865*N54+0.814*P54-0.789*R54 -> -0.37381815
C55: 0639E1 | D55: =D41+11111+139 -> 33889 | E55: =(résultats!E59-résultats!E161)/résultats!E162 -> -0.30843642 | F55: =(résultats!F59-résultats!F161)/résultats!F162 -> -0.37087634 | G55: =(résultats!G59-résultats!G161)/résultats!G162 -> -0.27368397 | H55: =(résultats!H59-résultats!H161)/résultats!H162 -> -0.41546356 | I55: =(résultats!I59-résultats!I161)/résultats!I162 -> -0.33320061 | J55: =(résultats!J59-résultats!J161)/résultats!J162 -> -0.48617735 | K55: =(résultats!K59-résultats!K161)/résultats!K162 -> 0.27452181 | L55: =(résultats!L59-résultats!L161)/résultats!L162 -> 0.43973241 | M55: =(résultats!O59-résultats!O161)/résultats!O162 -> -0.14006365 | N55: =(résultats!P59-résultats!P161)/résultats!P162 -> -0.32584995 | O55: =(résultats!Q59-résultats!Q161)/résultats!Q162 -> -0.34677774 | P55: =(résultats!R59-résultats!R161)/résultats!R162 -> -0.49585892 | Q55: =(résultats!S59-résultats!S161)/résultats!S162 -> -0.23524548 | R55: =(résultats!T59-résultats!T161)/résultats!T162 -> -0.23858129 | S55: =(résultats!U59-résultats!U161)/résultats!U162 -> -0.61867653 | T55: =(résultats!V59-résultats!V161)/résultats!V162 -> -0.42073309 | ... Y55: =(résultats!AA59-résultats!AA161)/résultats!AA162 -> 0.048502394 | Z55: - | AA55: - | AB55: - | AD55: =0.865*N55+0.814*P55-0.789*R55 -> -0.49724872
C56: 0639E4 | D56: =D42+11111+139 -> 33889 | E56: =(résultats!E60-résultats!E161)/résultats!E162 -> 0.1479986 | F56: =(résultats!F60-résultats!F161)/résultats!F162 -> 0.24086103 | G56: =(résultats!G60-résultats!G161)/résultats!G162 -> 0.18192042 | H56: =(résultats!H60-résultats!H161)/résultats!H162 -> -0.002885814 | I56: =(résultats!I60-résultats!I161)/résultats!I162 -> 0.18773915 | J56: =(résultats!J60-résultats!J161)/résultats!J162 -> 0.02244231 | K56: =(résultats!K60-résultats!K161)/résultats!K162 -> -0.079321222 | L56: =(résultats!L60-résultats!L161)/résultats!L162 -> 0.17240537 | M56: =(résultats!O60-résultats!O161)/résultats!O162 -> 0.18155773 | N56: =(résultats!P60-résultats!P161)/résultats!P162 -> -0.0045156802 | O56: =(résultats!Q60-résultats!Q161)/résultats!Q162 -> 0.17949143 | P56: =(résultats!R60-résultats!R161)/résultats!R162 -> 0.0081056531 | Q56: =(résultats!S60-résultats!S161)/résultats!S162 -> -0.20981921 | R56: =(résultats!T60-résultats!T161)/résultats!T162 -> -0.38820515 | S56: =(résultats!U60-résultats!U161)/résultats!U162 -> -0.075332295 | T56: =(résultats!V60-résultats!V161)/résultats!V162 -> 0.085821178 | ... Y56: =(résultats!AA60-résultats!AA161)/résultats!AA162 -> 0.2433219 | Z56: - | AA56: - | AB56: - | AD56: =0.865*N56+0.814*P56-0.789*R56 -> 0.3089858
C57: 0699E2 | D57: =D43+11111+139 -> 33889 | E57: =(résultats!E61-résultats!E161)/résultats!E162 -> 0.30315536 | F57: =(résultats!F61-résultats!F161)/résultats!F162 -> 0.033977747 | G57: =(résultats!G61-résultats!G161)/résultats!G162 -> -0.37845136 | H57: =(résultats!H61-résultats!H161)/résultats!H162 -> -0.41876033 | I57: =(résultats!I61-résultats!I161)/résultats!I162 -> -0.33758676 | J57: =(résultats!J61-résultats!J161)/résultats!J162 -> -0.39606546 | K57: =(résultats!K61-résultats!K161)/résultats!K162 -> 0.036747251 | L57: =(résultats!L61-résultats!L161)/résultats!L162 -> 0.19506357 | M57: =(résultats!O61-résultats!O161)/résultats!O162 -> -0.47876884 | N57: =(résultats!P61-résultats!P161)/résultats!P162 -> -0.50626171 | O57: =(résultats!Q61-résultats!Q161)/résultats!Q162 -> -0.34211164 | P57: =(résultats!R61-résultats!R161)/résultats!R162 -> -0.39810685 | Q57: =(résultats!S61-résultats!S161)/résultats!S162 -> 0.4798682 | R57: =(résultats!T61-résultats!T161)/résultats!T162 -> 0.50046988 | S57: =(résultats!U61-résultats!U161)/résultats!U162 -> 0.070640782 | T57: =(résultats!V61-résultats!V161)/résultats!V162 -> -0.054455389 | ... Y57: =(résultats!AA61-résultats!AA161)/résultats!AA162 -> -0.69892124 | Z57: - | AA57: - | AB57: - | AD57: =0.865*N57+0.814*P57-0.789*R57 -> -1.1568461
C58: 0699E3 | D58: =D44+11111+139 -> 33889 | E58: =(résultats!E62-résultats!E161)/résultats!E162 -> 0.50847323 | F58: =(résultats!F62-résultats!F161)/résultats!F162 -> 0.35406847 | G58: =(résultats!G62-résultats!G161)/résultats!G162 -> -0.36023542 | H58: =(résultats!H62-résultats!H161)/résultats!H162 -> -0.37260547 | I58: =(résultats!I62-résultats!I161)/résultats!I162 -> -0.28124159 | J58: =(résultats!J62-résultats!J161)/résultats!J162 -> -0.2700771 | K58: =(résultats!K62-résultats!K161)/résultats!K162 -> 0.068251551 | L58: =(résultats!L62-résultats!L161)/résultats!L162 -> 0.20659143 | M58: =(résultats!O62-résultats!O161)/résultats!O162 -> -0.48712505 | N58: =(résultats!P62-résultats!P161)/résultats!P162 -> -0.48367798 | O58: =(résultats!Q62-résultats!Q161)/résultats!Q162 -> -0.28811823 | P58: =(résultats!R62-résultats!R161)/résultats!R162 -> -0.27587968 | Q58: =(résultats!S62-résultats!S161)/résultats!S162 -> 0.54025558 | R58: =(résultats!T62-résultats!T161)/résultats!T162 -> 0.65462779 | S58: =(résultats!U62-résultats!U161)/résultats!U162 -> -0.075332295 | T58: =(résultats!V62-résultats!V161)/résultats!V162 -> -0.23759424 | ... Y58: =(résultats!AA62-résultats!AA161)/résultats!AA162 -> -0.90805213 | Z58: - | AA58: - | AB58: - | AD58: =0.865*N58+0.814*P58-0.789*R58 -> -1.1594488
B59: 5 | C59: 0025E2 | D59: =D45+11111+139 -> 45139 | E59: =(résultats!E63-résultats!E161)/résultats!E162 -> -0.09159084 | F59: =(résultats!F63-résultats!F161)/résultats!F162 -> -0.29843874 | G59: =(résultats!G63-résultats!G161)/résultats!G162 -> -0.37865719 | H59: =(résultats!H63-résultats!H161)/résultats!H162 -> -0.4572914 | I59: =(résultats!I63-résultats!I161)/résultats!I162 -> -0.40562833 | J59: =(résultats!J63-résultats!J161)/résultats!J162 -> -0.49619828 | K59: =(résultats!K63-résultats!K161)/résultats!K162 -> 0.28214917 | L59: =(résultats!L63-résultats!L161)/résultats!L162 -> 0.44350878 | M59: =(résultats!O63-résultats!O161)/résultats!O162 -> -0.30718792 | N59: =(résultats!P63-résultats!P161)/résultats!P162 -> -0.39463355 | O59: =(résultats!Q63-résultats!Q161)/résultats!Q162 -> -0.41821348 | P59: =(résultats!R63-résultats!R161)/résultats!R162 -> -0.50483312 | Q59: =(résultats!S63-résultats!S161)/résultats!S162 -> 0.050799995 | R59: =(résultats!T63-résultats!T161)/résultats!T162 -> 0.028928028 | S59: =(résultats!U63-résultats!U161)/résultats!U162 -> -0.5537996 | T59: =(résultats!V63-résultats!V161)/résultats!V162 -> -0.67401023 | ... Y59: =(résultats!AA63-résultats!AA161)/résultats!AA162 -> -0.9062055 | Z59: - | AA59: - | AB59: - | AD59: =0.865*N59+0.814*P59-0.789*R59 -> -0.77511639
C60: 0025E4 | D60: =D46+11111+139 -> 45139 | E60: =(résultats!E64-résultats!E161)/résultats!E162 -> -0.073831935 | F60: =(résultats!F64-résultats!F161)/résultats!F162 -> -0.25008381 | G60: =(résultats!G64-résultats!G161)/résultats!G162 -> -0.17334191 | H60: =(résultats!H64-résultats!H161)/résultats!H162 -> -0.2285089 | I60: =(résultats!I64-résultats!I161)/résultats!I162 -> -0.21275016 | J60: =(résultats!J64-résultats!J161)/résultats!J162 -> -0.30297024 | K60: =(résultats!K64-résultats!K161)/résultats!K162 -> 0.039068621 | L60: =(résultats!L64-résultats!L161)/résultats!L162 -> 0.15153597 | M60: =(résultats!O64-résultats!O161)/résultats!O162 -> -0.15510483 | N60: =(résultats!P64-résultats!P161)/résultats!P162 -> -0.14969682 | O60: =(résultats!Q64-résultats!Q161)/résultats!Q162 -> -0.21834895 | P60: =(résultats!R64-résultats!R161)/résultats!R162 -> -0.30903232 | Q60: =(résultats!S64-résultats!S161)/résultats!S162 -> 0.053978278 | R60: =(résultats!T64-résultats!T161)/résultats!T162 -> -0.17963856 | S60: =(résultats!U64-résultats!U161)/résultats!U162 -> -0.010455372 | T60: =(résultats!V64-résultats!V161)/résultats!V162 -> -0.31942224 | ... AB60: =(résultats!AD64-résultats!AD161)/résultats!AD162 -> 0.482446 | AD60: =0.865*N60+0.814*P60-0.789*R60 -> -0.23930524
C61: 0244E1 | D61: =D47+11111+139 -> 45139 | E61: =(résultats!E65-résultats!E161)/résultats!E162 -> -0.047660916 | F61: =(résultats!F65-résultats!F161)/résultats!F162 -> -0.29407732 | G61: =(résultats!G65-résultats!G161)/résultats!G162 -> -0.77457093 | H61: =(résultats!H65-résultats!H161)/résultats!H162 -> -0.8264616 | I61: =(résultats!I65-résultats!I161)/résultats!I162 -> -0.80015698 | J61: =(résultats!J65-résultats!J161)/résultats!J162 -> -0.82872493 | K61: =(résultats!K65-résultats!K161)/résultats!K162 -> 0.3428364 | L61: =(résultats!L65-résultats!L161)/résultats!L162 -> 0.54268811 | M61: =(résultats!O65-résultats!O161)/résultats!O162 -> -0.80540395 | N61: =(résultats!P65-résultats!P161)/résultats!P162 -> -0.7984307 | O61: =(résultats!Q65-résultats!Q161)/résultats!Q162 -> -0.80794374 | P61: =(résultats!R65-résultats!R161)/résultats!R162 -> -0.82686611 | Q61: =(résultats!S65-résultats!S161)/résultats!S162 -> 0.68010003 | R61: =(résultats!T65-résultats!T161)/résultats!T162 -> 0.61835534 | S61: =(résultats!U65-résultats!U161)/résultats!U162 -> -0.25374383 | T61: =(résultats!V65-résultats!V161)/résultats!V162 -> -0.31552567 | ... Y61: =(résultats!AA65-résultats!AA161)/résultats!AA162 -> -0.8484983 | Z61: - | AA61: - | AB61: - | AD61: =0.865*N61+0.814*P61-0.789*R61 -> -1.8515939
C62: 0374E3 | D62: =D48+11111+139 -> 45139 | E62: =(résultats!E66-résultats!E161)/résultats!E162 -> -0.042052841 | F62: =(résultats!F66-résultats!F161)/résultats!F162 -> -0.33541605 | G62: =(résultats!G66-résultats!G161)/résultats!G162 -> -0.67968336 | H62: =(résultats!H66-résultats!H161)/résultats!H162 -> -0.68044191 | I62: =(résultats!I66-résultats!I161)/résultats!I162 -> -0.68353035 | J62: =(résultats!J66-résultats!J161)/résultats!J162 -> -0.73937799 | K62: =(résultats!K66-résultats!K161)/résultats!K162 -> 0.092791743 | L62: =(résultats!L66-résultats!L161)/résultats!L162 -> 0.31054091 | M62: =(résultats!O66-résultats!O161)/résultats!O162 -> -0.74858169 | N62: =(résultats!P66-résultats!P161)/résultats!P162 -> -0.72087171 | O62: =(résultats!Q66-résultats!Q161)/résultats!Q162 -> -0.68351447 | P62: =(résultats!R66-résultats!R161)/résultats!R162 -> -0.72903988 | Q62: =(résultats!S66-résultats!S161)/résultats!S162 -> 0.70234801 | R62: =(résultats!T66-résultats!T161)/résultats!T162 -> 0.80425165 | S62: =(résultats!U66-résultats!U161)/résultats!U162 -> 0.31392924 | T62: =(résultats!V66-résultats!V161)/résultats!V162 -> -0.16355939 | ... Y62: =(résultats!AA66-résultats!AA161)/résultats!AA162 -> -0.85265322 | Z62: - | AA62: - | AB62: - | AD62: =0.865*N62+0.814*P62-0.789*R62 -> -1.851547
C63: 0429E2 | D63: =D49+11111+139 -> 45139 | E63: =(résultats!E67-résultats!E161)/résultats!E162 -> -0.17135013 | F63: =(résultats!F67-résultats!F161)/résultats!F162 -> -0.17935286 | G63: =(résultats!G67-résultats!G161)/résultats!G162 -> -0.11015214 | H63: =(résultats!H67-résultats!H161)/résultats!H162 -> -0.058862318 | I63: =(résultats!I67-résultats!I161)/résultats!I162 -> -0.15370582 | J63: =(résultats!J67-résultats!J161)/résultats!J162 -> -0.12703021 | K63: =(résultats!K67-résultats!K161)/résultats!K162 -> -0.048480171 | L63: =(résultats!L67-résultats!L161)/résultats!L162 -> 0.18075313 | M63: =(résultats!O67-résultats!O161)/résultats!O162 -> -0.092154687 | N63: =(résultats!P67-résultats!P161)/résultats!P162 -> -0.051747946 | O63: =(résultats!Q67-résultats!Q161)/résultats!Q162 -> -0.15757859 | P63: =(résultats!R67-résultats!R161)/résultats!R162 -> -0.13266326 | Q63: =(résultats!S67-résultats!S161)/résultats!S162 -> -0.076331326 | R63: =(résultats!T67-résultats!T161)/résultats!T162 -> -0.2068429 | S63: =(résultats!U67-résultats!U161)/résultats!U162 -> 0.23283309 | T63: =(résultats!V67-résultats!V161)/résultats!V162 -> 0.050752036 | ... Y63: =(résultats!AA67-résultats!AA161)/résultats!AA162 -> 0.18930796 | Z63: - | AA63: - | AB63: - | AD63: =0.865*N63+0.814*P63-0.789*R63 -> 0.01044918
C64: 0429E4 | D64: =D50+11111+139 -> 45139 | E64: =(résultats!E68-résultats!E161)/résultats!E162 -> -0.0062234703 | F64: =(résultats!F68-résultats!F161)/résultats!F162 -> -0.16076939 | G64: =(résultats!G68-résultats!G161)/résultats!G162 -> -0.15193561 | H64: =(résultats!H68-résultats!H161)/résultats!H162 -> -0.2541276 | I64: =(résultats!I68-résultats!I161)/résultats!I162 -> -0.1729374 | J64: =(résultats!J68-résultats!J161)/résultats!J162 -> -0.29692708 | K64: =(résultats!K68-résultats!K161)/résultats!K162 -> -0.046490425 | L64: =(résultats!L68-résultats!L161)/résultats!L162 -> 0.19605735 | M64: =(résultats!O68-résultats!O161)/résultats!O162 -> -0.17497405 | N64: =(résultats!P68-résultats!P161)/résultats!P162 -> -0.28390873 | O64: =(résultats!Q68-résultats!Q161)/résultats!Q162 -> -0.17713176 | P64: =(résultats!R68-résultats!R161)/résultats!R162 -> -0.30235729 | Q64: =(résultats!S68-résultats!S161)/résultats!S162 -> 0.028552013 | R64: =(résultats!T68-résultats!T161)/résultats!T162 -> -0.039082815 | S64: =(résultats!U68-résultats!U161)/résultats!U162 -> 0.078750397 | T64: =(résultats!V68-résultats!V161)/résultats!V162 -> 0.042958893 | ... Y64: =(résultats!AA68-résultats!AA161)/résultats!AA162 -> -0.22941547 | Z64: - | AA64: - | AB64: - | AD64: =0.865*N64+0.814*P64-0.789*R64 -> -0.46086354
C65: 0532E1 | D65: =D51+11111+139 -> 45139 | E65: =(résultats!E69-résultats!E161)/résultats!E162 -> 0.20657183 | F65: =(résultats!F69-résultats!F161)/résultats!F162 -> 0.026392659 | G65: =(résultats!G69-résultats!G161)/résultats!G162 -> -0.20370182 | H65: =(résultats!H69-résultats!H161)/résultats!H162 -> -0.27287801 | I65: =(résultats!I69-résultats!I161)/résultats!I162 -> -0.18812023 | J65: =(résultats!J69-résultats!J161)/résultats!J162 -> -0.27512582 | K65: =(résultats!K69-résultats!K161)/résultats!K162 -> 0.19725337 | L65: =(résultats!L69-résultats!L161)/résultats!L162 -> 0.36877646 | M65: =(résultats!O69-résultats!O161)/résultats!O162 -> -0.18982954 | N65: =(résultats!P69-résultats!P161)/résultats!P162 -> -0.24312896 | O65: =(résultats!Q69-résultats!Q161)/résultats!Q162 -> -0.20157322 | P65: =(résultats!R69-résultats!R161)/résultats!R162 -> -0.2884139 | Q65: =(résultats!S69-résultats!S161)/résultats!S162 -> 0.069869693 | R65: =(résultats!T69-résultats!T161)/résultats!T162 -> -0.18417262 | S65: =(résultats!U69-résultats!U161)/résultats!U162 -> -0.46459383 | T65: =(résultats!V69-résultats!V161)/résultats!V162 -> -0.5688028 | ... AB65: =(résultats!AD69-résultats!AD161)/résultats!AD162 -> 0.20586716 | AD65: =0.865*N65+0.814*P65-0.789*R65 -> -0.29976327
C66: 0532E4 | D66: =D52+11111+139 -> 45139 | E66: =(résultats!E70-résultats!E161)/résultats!E162 -> 0.11248079 | F66: =(résultats!F70-résultats!F161)/résultats!F162 -> -0.048699714 | G66: =(résultats!G70-résultats!G161)/résultats!G162 -> -0.256703 | H66: =(résultats!H70-résultats!H161)/résultats!H162 -> -0.38908935 | I66: =(résultats!I70-résultats!I161)/résultats!I162 -> -0.24750197 | J66: =(résultats!J70-résultats!J161)/résultats!J162 -> -0.40172614 | K66: =(résultats!K70-résultats!K161)/résultats!K162 -> 0.32658681 | L66: =(résultats!L70-résultats!L161)/résultats!L162 -> 0.51744607 | M66: =(résultats!O70-résultats!O161)/résultats!O162 -> -0.18611567 | N66: =(résultats!P70-résultats!P161)/résultats!P162 -> -0.34249738 | O66: =(résultats!Q70-résultats!Q161)/résultats!Q162 -> -0.26445444 | P66: =(résultats!R70-résultats!R161)/résultats!R162 -> -0.41064107 | Q66: =(résultats!S70-résultats!S161)/résultats!S162 -> 0.050799995 | R66: =(résultats!T70-résultats!T161)/résultats!T162 -> -0.039082815 | S66: =(résultats!U70-résultats!U161)/résultats!U162 -> -0.47270345 | T66: =(résultats!V70-résultats!V161)/résultats!V162 -> 0.33130517 | ... Y66: =(résultats!AA70-résultats!AA161)/résultats!AA162 -> -0.10707621 | Z66: - | AA66: - | AB66: - | AD66: =0.865*N66+0.814*P66-0.789*R66 -> -0.59968572
C67: 0575E2 | D67: =D53+11111+139 -> 45139 | E67: =(résultats!E71-résultats!E161)/résultats!E162 -> 0.39537704 | F67: =(résultats!F71-résultats!F161)/résultats!F162 -> 0.34250121 | G67: =(résultats!G71-résultats!G161)/résultats!G162 -> -0.25474762 | H67: =(résultats!H71-résultats!H161)/résultats!H162 -> -0.29320813 | I67: =(résultats!I71-résultats!I161)/résultats!I162 -> -0.1944183 | J67: =(résultats!J71-résultats!J161)/résultats!J162 -> -0.18111265 | K67: =(résultats!K71-résultats!K161)/résultats!K162 -> 0.22709955 | L67: =(résultats!L71-résultats!L161)/résultats!L162 -> 0.43814236 | M67: =(résultats!O71-résultats!O161)/résultats!O162 -> -0.27840541 | N67: =(résultats!P71-résultats!P161)/résultats!P162 -> -0.24003176 | O67: =(résultats!Q71-résultats!Q161)/résultats!Q162 -> -0.20779469 | P67: =(résultats!R71-résultats!R161)/résultats!R162 -> -0.20705273 | Q67: =(résultats!S71-résultats!S161)/résultats!S162 -> 0.22878384 | R67: =(résultats!T71-résultats!T161)/résultats!T162 -> 0.18308594 | S67: =(résultats!U71-résultats!U161)/résultats!U162 -> -0.40782653 | T67: =(résultats!V71-résultats!V161)/résultats!V162 -> 0.097510892 | ... AB67: =(résultats!AD71-résultats!AD161)/résultats!AD162 -> 0.74894451 | AD67: =0.865*N67+0.814*P67-0.789*R67 -> -0.5206232
C68: 0575E4 | D68: =D54+11111+139 -> 45139 | E68: =(résultats!E72-résultats!E161)/résultats!E162 -> 0.016520391 | F68: =(résultats!F72-résultats!F161)/résultats!F162 -> -0.14028965 | G68: =(résultats!G72-résultats!G161)/résultats!G162 -> -0.012280047 | H68: =(résultats!H72-résultats!H161)/résultats!H162 -> -0.18104907 | I68: =(résultats!I72-résultats!I161)/résultats!I162 -> -0.030106339 | J68: =(résultats!J72-résultats!J161)/résultats!J162 -> -0.20673869 | K68: =(résultats!K72-résultats!K161)/résultats!K162 -> 0.05631308 | L68: =(résultats!L72-résultats!L161)/résultats!L162 -> 0.29603171 | M68: =(résultats!O72-résultats!O161)/résultats!O162 -> 0.025946465 | N68: =(résultats!P72-résultats!P161)/résultats!P162 -> -0.075493128 | O68: =(résultats!Q72-résultats!Q161)/résultats!Q162 -> -0.040592847 | P68: =(résultats!R72-résultats!R161)/résultats!R162 -> -0.22663281 | Q68: =(résultats!S72-résultats!S161)/résultats!S162 -> 3.0288512 | R68: =(résultats!T72-résultats!T161)/résultats!T162 -> -0.36100081 | S68: =(résultats!U72-résultats!U161)/résultats!U162 -> -0.15642845 | T68: =(résultats!V72-résultats!V161)/résultats!V162 -> -0.12459367 | ... Y68: =(résultats!AA72-résultats!AA161)/résultats!AA162 -> 0.2954892 | Z68: - | AA68: - | AB68: - | AD68: =0.865*N68+0.814*P68-0.789*R68 -> 0.035048974
C69: 0639E1 | D69: =D55+11111+139 -> 45139 | E69: =(résultats!E73-résultats!E161)/résultats!E162 -> -0.44209555 | F69: =(résultats!F73-résultats!F161)/résultats!F162 -> -0.29578396 | G69: =(résultats!G73-résultats!G161)/résultats!G162 -> 0.1617491 | H69: =(résultats!H73-résultats!H161)/résultats!H162 -> -0.12122633 | I69: =(résultats!I73-résultats!I161)/résultats!I162 -> 0.079884829 | J69: =(résultats!J73-résultats!J161)/résultats!J162 -> -0.21324083 | K69: =(résultats!K73-résultats!K161)/résultats!K162 -> 0.14054563 | L69: =(résultats!L73-résultats!L161)/résultats!L162 -> 0.36857771 | M69: =(résultats!O73-résultats!O161)/résultats!O162 -> 0.35945224 | N69: =(résultats!P73-résultats!P161)/résultats!P162 -> 0.020907151 | O69: =(résultats!Q73-résultats!Q161)/résultats!Q162 -> 0.064061061 | P69: =(résultats!R73-résultats!R161)/résultats!R162 -> -0.231157 | Q69: =(résultats!S73-résultats!S161)/résultats!S162 -> -0.72787934 | R69: =(résultats!T73-résultats!T161)/résultats!T162 -> -0.69198691 | S69: =(résultats!U73-résultats!U161)/résultats!U162 -> -0.67544383 | T69: =(résultats!V73-résultats!V161)/résultats!V162 -> -0.38956052 | ... AB69: =(résultats!AD73-résultats!AD161)/résultats!AD162 -> -0.11859321 | AD69: =0.865*N69+0.814*P69-0.789*R69 -> 0.37590057
C70: 0639E4 | D70: =D56+11111+139 -> 45139 | E70: =(résultats!E74-résultats!E161)/résultats!E162 -> 0.082882616 | F70: =(résultats!F74-résultats!F161)/résultats!F162 -> 0.40356117 | G70: =(résultats!G74-résultats!G161)/résultats!G162 -> 0.48397574 | H70: =(résultats!H74-résultats!H161)/résultats!H162 -> 0.21957786 | I70: =(résultats!I74-résultats!I161)/résultats!I162 -> 0.48284838 | J70: =(résultats!J74-résultats!J161)/résultats!J162 -> 0.26332715 | K70: =(résultats!K74-résultats!K161)/résultats!K162 -> -0.17681874 | L70: =(résultats!L74-résultats!L161)/résultats!L162 -> 0.1378218 | M70: =(résultats!O74-résultats!O161)/résultats!O162 -> 0.52063431 | N70: =(résultats!P74-résultats!P161)/résultats!P162 -> 0.20777142 | O70: =(résultats!Q74-résultats!Q161)/résultats!Q162 -> 0.47290011 | P70: =(résultats!R74-résultats!R161)/résultats!R162 -> 0.23520492 | Q70: =(résultats!S74-résultats!S161)/résultats!S162 -> -0.54036065 | R70: =(résultats!T74-résultats!T161)/résultats!T162 -> -0.62397607 | S70: =(résultats!U74-résultats!U161)/résultats!U162 -> -0.11588037 | T70: =(résultats!V74-résultats!V161)/résultats!V162 -> 0.058545179 | ... Y70: =(résultats!AA74-résultats!AA161)/résultats!AA162 -> 0.39289895 | Z70: - | AA70: - | AB70: - | AD70: =0.865*N70+0.814*P70-0.789*R70 -> 0.8634962
C71: 0699E2 | D71: =D57+11111+139 -> 45139 | E71: =(résultats!E75-résultats!E161)/résultats!E162 -> 0.21311459 | F71: =(résultats!F75-résultats!F161)/résultats!F162 -> 0.10869087 | G71: =(résultats!G75-résultats!G161)/résultats!G162 -> -0.27162567 | H71: =(résultats!H75-résultats!H161)/résultats!H162 -> -0.31044752 | I71: =(résultats!I75-résultats!I161)/résultats!I162 -> -0.24986374 | J71: =(résultats!J75-résultats!J161)/résultats!J162 -> -0.29715657 | K71: =(résultats!K75-résultats!K161)/résultats!K162 -> -0.033557081 | L71: =(résultats!L75-résultats!L161)/résultats!L162 -> 0.18333696 | M71: =(résultats!O75-résultats!O161)/résultats!O162 -> -0.35862506 | N71: =(résultats!P75-résultats!P161)/résultats!P162 -> -0.39566595 | O71: =(résultats!Q75-résultats!Q161)/résultats!Q162 -> -0.25312249 | P71: =(résultats!R75-résultats!R161)/résultats!R162 -> -0.29812977 | Q71: =(résultats!S75-résultats!S161)/résultats!S162 -> 0.32095405 | R71: =(résultats!T75-résultats!T161)/résultats!T162 -> 0.40072064 | S71: =(résultats!U75-résultats!U161)/résultats!U162 -> 0.19228501 | T71: =(résultats!V75-résultats!V161)/résultats!V162 -> -0.042765675 | ... AB71: =(résultats!AD75-résultats!AD161)/résultats!AD162 -> -0.32901994 | AD71: =0.865*N71+0.814*P71-0.789*R71 -> -0.90109726
C72: 0699E3 | D72: =D58+11111+139 -> 45139 | E72: =(résultats!E76-résultats!E161)/résultats!E162 -> 0.49538772 | F72: =(résultats!F76-résultats!F161)/résultats!F162 -> 0.38516733 | G72: =(résultats!G76-résultats!G161)/résultats!G162 -> -0.2669945 | H72: =(résultats!H76-résultats!H161)/résultats!H162 -> -0.30591445 | I72: =(résultats!I76-résultats!I161)/résultats!I162 -> -0.1937435 | J72: =(résultats!J76-résultats!J161)/résultats!J162 -> -0.21561219 | K72: =(résultats!K76-résultats!K161)/résultats!K162 -> 0.064272061 | L72: =(résultats!L76-résultats!L161)/résultats!L162 -> 0.14239319 | M72: =(résultats!O76-résultats!O161)/résultats!O162 -> -0.38146537 | N72: =(résultats!P76-résultats!P161)/résultats!P162 -> -0.31939745 | O72: =(résultats!Q76-résultats!Q161)/résultats!Q162 -> -0.20146212 | P72: =(résultats!R76-résultats!R161)/résultats!R162 -> -0.21758444 | Q72: =(résultats!S76-résultats!S161)/résultats!S162 -> 0.40994597 | R72: =(résultats!T76-résultats!T161)/résultats!T162 -> 0.58208289 | S72: =(résultats!U76-résultats!U161)/résultats!U162 -> -0.091551526 | T72: =(résultats!V76-résultats!V161)/résultats!V162 -> -0.15186967 | ... Y72: =(résultats!AA76-résultats!AA161)/résultats!AA162 -> -0.55950065 | Z72: - | AA72: - | AB72: - | AD72: =0.865*N72+0.814*P72-0.789*R72 -> -0.91265593
B73: 6 | C73: 0025E2 | D73: =D59+11111+139 -> 56389 | E73: =(résultats!E77-résultats!E161)/résultats!E162 -> -0.083178727 | F73: =(résultats!F77-résultats!F161)/résultats!F162 -> -0.28269969 | G73: =(résultats!G77-résultats!G161)/résultats!G162 -> -0.22696059 | H73: =(résultats!H77-résultats!H161)/résultats!H162 -> -0.36429485 | I73: =(résultats!I77-résultats!I161)/résultats!I162 -> -0.2568366 | J73: =(résultats!J77-résultats!J161)/résultats!J162 -> -0.42521031 | K73: =(résultats!K77-résultats!K161)/résultats!K162 -> 0.26192009 | L73: =(résultats!L77-résultats!L161)/résultats!L162 -> 0.44171998 | M73: =(résultats!O77-résultats!O161)/résultats!O162 -> -0.13467853 | N73: =(résultats!P77-résultats!P161)/résultats!P162 -> -0.28726402 | O73: =(résultats!Q77-résultats!Q161)/résultats!Q162 -> -0.27145359 | P73: =(résultats!R77-résultats!R161)/résultats!R162 -> -0.4276253 | Q73: =(résultats!S77-résultats!S161)/résultats!S162 -> -0.12718385 | R73: =(résultats!T77-résultats!T161)/résultats!T162 -> -0.16150233 | S73: =(résultats!U77-résultats!U161)/résultats!U162 -> -0.64300537 | T73: =(résultats!V77-résultats!V161)/résultats!V162 -> -0.6506308 | ... Y73: =(résultats!AA77-résultats!AA161)/résultats!AA162 -> -0.48979035 | Z73: - | AA73: - | AB73: - | AD73: =0.865*N73+0.814*P73-0.789*R73 -> -0.46914504
C74: 0025E4 | D74: =D60+11111+139 -> 56389 | E74: =(résultats!E78-résultats!E161)/résultats!E162 -> 0.0049926805 | F74: =(résultats!F78-résultats!F161)/résultats!F162 -> -0.16759597 | G74: =(résultats!G78-résultats!G161)/résultats!G162 -> -0.053548934 | H74: =(résultats!H78-résultats!H161)/résultats!H162 -> -0.19560983 | I74: =(résultats!I78-résultats!I161)/résultats!I162 -> -0.077904136 | J74: =(résultats!J78-résultats!J161)/résultats!J162 -> -0.22188484 | K74: =(résultats!K78-résultats!K161)/résultats!K162 -> 0.026466901 | L74: =(résultats!L78-résultats!L161)/résultats!L162 -> 0.15570985 | M74: =(résultats!O78-résultats!O161)/résultats!O162 -> -0.032361336 | N74: =(résultats!P78-résultats!P161)/résultats!P162 -> -0.13601753 | O74: =(résultats!Q78-résultats!Q161)/résultats!Q162 -> -0.086365045 | P74: =(résultats!R78-résultats!R161)/résultats!R162 -> -0.23501368 | Q74: =(résultats!S78-résultats!S161)/résultats!S162 -> -0.063618194 | R74: =(résultats!T78-résultats!T161)/résultats!T162 -> -0.10709366 | S74: =(résultats!U78-résultats!U161)/résultats!U162 -> -0.10777076 | T74: =(résultats!V78-résultats!V161)/résultats!V162 -> -0.31942224 | ... Y74: =(résultats!AA78-résultats!AA161)/résultats!AA162 -> -0.36421949 | Z74: - | AA74: - | AB74: - | AD74: =0.865*N74+0.814*P74-0.789*R74 -> -0.22445941
C75: 0244E1 | D75: =D61+11111+139 -> 56389 | E75: =(résultats!E79-résultats!E161)/résultats!E162 -> -0.14704847 | F75: =(résultats!F79-résultats!F161)/résultats!F162 -> -0.3329509 | G75: =(résultats!G79-résultats!G161)/résultats!G162 -> -0.72167265 | H75: =(résultats!H79-résultats!H161)/résultats!H162 -> -0.77611709 | I75: =(résultats!I79-résultats!I161)/résultats!I162 -> -0.73762621 | J75: =(résultats!J79-résultats!J161)/résultats!J162 -> -0.80845358 | K75: =(résultats!K79-résultats!K161)/résultats!K162 -> 0.29640901 | L75: =(résultats!L79-résultats!L161)/résultats!L162 -> 0.50969458 | M75: =(résultats!O79-résultats!O161)/résultats!O162 -> -0.7017869 | N75: =(résultats!P79-résultats!P161)/résultats!P162 -> -0.75777998 | O75: =(résultats!Q79-résultats!Q161)/résultats!Q162 -> -0.74484032 | P75: =(résultats!R79-résultats!R161)/résultats!R162 -> -0.8078052 | Q75: =(résultats!S79-résultats!S161)/résultats!S162 -> 0.50529446 | R75: =(résultats!T79-résultats!T161)/résultats!T162 -> 0.55487855 | S75: =(résultats!U79-résultats!U161)/résultats!U162 -> -0.20508614 | T75: =(résultats!V79-résultats!V161)/résultats!V162 -> -0.17135253 | ... AB75: =(résultats!AD79-résultats!AD161)/résultats!AD162 -> 0.15609557 | AD75: =0.865*N75+0.814*P75-0.789*R75 -> -1.7508323
C76: 0374E3 | D76: =D62+11111+139 -> 56389 | E76: =(résultats!E80-résultats!E161)/résultats!E162 -> -0.080997809 | F76: =(résultats!F80-résultats!F161)/résultats!F162 -> -0.30109352 | G76: =(résultats!G80-résultats!G161)/résultats!G162 -> -0.61680234 | H76: =(résultats!H80-résultats!H161)/résultats!H162 -> -0.65310614 | I76: =(résultats!I80-résultats!I161)/résultats!I162 -> -0.62977188 | J76: =(résultats!J80-résultats!J161)/résultats!J162 -> -0.69539299 | K76: =(résultats!K80-résultats!K161)/résultats!K162 -> 0.088480628 | L76: =(résultats!L80-résultats!L161)/résultats!L162 -> 0.34870209 | M76: =(résultats!O80-résultats!O161)/résultats!O162 -> -0.66706219 | N76: =(résultats!P80-résultats!P161)/résultats!P162 -> -0.66073445 | O76: =(résultats!Q80-résultats!Q161)/résultats!Q162 -> -0.63063203 | P76: =(résultats!R80-résultats!R161)/résultats!R162 -> -0.69054722 | Q76: =(résultats!S80-résultats!S161)/résultats!S162 -> 0.55296871 | R76: =(résultats!T80-résultats!T161)/résultats!T162 -> 0.7679792 | S76: =(résultats!U80-résultats!U161)/résultats!U162 -> 0.22472347 | T76: =(résultats!V80-résultats!V161)/résultats!V162 -> -0.18304224 | ... Y76: =(résultats!AA80-résultats!AA161)/résultats!AA162 -> -0.73723882 | Z76: - | AA76: - | AB76: - | AD76: =0.865*N76+0.814*P76-0.789*R76 -> -1.7395763
C77: 0429E2 | D77: =D63+11111+139 -> 56389 | E77: =(résultats!E81-résultats!E161)/résultats!E162 -> -0.20562171 | F77: =(résultats!F81-résultats!F161)/résultats!F162 -> -0.021014142 | G77: =(résultats!G81-résultats!G161)/résultats!G162 -> 0.096192288 | H77: =(résultats!H81-résultats!H161)/résultats!H162 -> 0.37686154 | I77: =(résultats!I81-résultats!I161)/résultats!I162 -> 0.046370138 | J77: =(résultats!J81-résultats!J161)/résultats!J162 -> 0.34196469 | K77: =(résultats!K81-résultats!K161)/résultats!K162 -> -0.14034008 | L77: =(résultats!L81-résultats!L161)/résultats!L162 -> -0.029928408 | M77: =(résultats!O81-résultats!O161)/résultats!O162 -> 0.12807797 | N77: =(résultats!P81-résultats!P161)/résultats!P162 -> 0.62137636 | O77: =(résultats!Q81-résultats!Q161)/résultats!Q162 -> 0.042508133 | P77: =(résultats!R81-résultats!R161)/résultats!R162 -> 0.31211607 | Q77: =(résultats!S81-résultats!S161)/résultats!S162 -> -0.26702831 | R77: =(résultats!T81-résultats!T161)/résultats!T162 -> -0.37460298 | S77: =(résultats!U81-résultats!U161)/résultats!U162 -> 0.2896004 | T77: =(résultats!V81-résultats!V161)/résultats!V162 -> 0.3819606 | ... Y77: =(résultats!AA81-résultats!AA161)/résultats!AA162 -> 0.27563793 | Z77: - | AA77: - | AB77: - | AD77: =0.865*N77+0.814*P77-0.789*R77 -> 1.0871148
C78: 0429E4 | D78: =D64+11111+139 -> 56389 | E78: =(résultats!E82-résultats!E161)/résultats!E162 -> 0.6611375 | F78: =(résultats!F82-résultats!F161)/résultats!F162 -> 1.0606194 | G78: =(résultats!G82-résultats!G161)/résultats!G162 -> 0.46565688 | H78: =(résultats!H82-résultats!H161)/résultats!H162 -> 0.4050215 | I78: =(résultats!I82-résultats!I161)/résultats!I162 -> 0.54987776 | J78: =(résultats!J82-résultats!J161)/résultats!J162 -> 0.60013755 | K78: =(résultats!K82-résultats!K161)/résultats!K162 -> -1.0778417 | L78: =(résultats!L82-résultats!L161)/résultats!L162 -> -0.84999635 | M78: =(résultats!O82-résultats!O161)/résultats!O162 -> 0.045629991 | N78: =(résultats!P82-résultats!P161)/résultats!P162 -> -0.16156942 | O78: =(résultats!Q82-résultats!Q161)/résultats!Q162 -> 0.57910938 | P78: =(résultats!R82-résultats!R161)/résultats!R162 -> 0.6124923 | Q78: =(résultats!S82-résultats!S161)/résultats!S162 -> 0.30188435 | R78: =(résultats!T82-résultats!T161)/résultats!T162 -> 0.64555968 | S78: =(résultats!U82-résultats!U161)/résultats!U162 -> 1.77366 | T78: =(résultats!V82-résultats!V161)/résultats!V162 -> 0.60406516 | ... AB78: =(résultats!AD82-résultats!AD161)/résultats!AD162 -> -2.7438871 | AD78: =0.865*N78+0.814*P78-0.789*R78 -> -0.1505354
C79: 0532E1 | D79: =D65+11111+139 -> 56389 | E79: =(résultats!E83-résultats!E161)/résultats!E162 -> 0.17915458 | F79: =(résultats!F83-résultats!F161)/résultats!F162 -> 0.032271103 | G79: =(résultats!G83-résultats!G161)/résultats!G162 -> 0.12665511 | H79: =(résultats!H83-résultats!H161)/résultats!H162 -> -0.023765394 | I79: =(résultats!I83-résultats!I161)/résultats!I162 -> 0.12891975 | J79: =(résultats!J83-résultats!J161)/résultats!J162 -> -0.052752926 | K79: =(résultats!K83-résultats!K161)/résultats!K162 -> 0.0055745755 | L79: =(résultats!L83-résultats!L161)/résultats!L162 -> 0.17538671 | M79: =(résultats!O83-résultats!O161)/résultats!O162 -> 0.14051944 | N79: =(résultats!P83-résultats!P161)/résultats!P162 -> 0.00013011643 | O79: =(résultats!Q83-résultats!Q161)/résultats!Q162 -> 0.1172768 | P79: =(résultats!R83-résultats!R161)/résultats!R162 -> -0.070659671 | Q79: =(résultats!S83-résultats!S161)/résultats!S162 -> -0.19710608 | R79: =(résultats!T83-résultats!T161)/résultats!T162 -> -0.47435222 | S79: =(résultats!U83-résultats!U161)/résultats!U162 -> -0.2375246 | T79: =(résultats!V83-résultats!V161)/résultats!V162 -> -0.27655995 | ... AB79: =(résultats!AD83-résultats!AD161)/résultats!AD162 -> 0.54733807 | AD79: =0.865*N79+0.814*P79-0.789*R79 -> 0.31685948
C80: 0532E4 | D80: =D66+11111+139 -> 56389 | E80: =(résultats!E84-résultats!E161)/résultats!E162 -> -0.061681105 | F80: =(résultats!F84-résultats!F161)/résultats!F162 -> -0.05438853 | G80: =(résultats!G84-résultats!G161)/résultats!G162 -> -0.089672074 | H80: =(résultats!H84-résultats!H161)/résultats!H162 -> -0.22617369 | I80: =(résultats!I84-résultats!I161)/résultats!I162 -> -0.11299334 | J80: =(résultats!J84-résultats!J161)/résultats!J162 -> -0.24177371 | K80: =(résultats!K84-résultats!K161)/résultats!K162 -> 0.24036452 | L80: =(résultats!L84-résultats!L161)/résultats!L162 -> 0.43237844 | M80: =(résultats!O84-résultats!O161)/résultats!O162 -> 0.017404558 | N80: =(résultats!P84-résultats!P161)/résultats!P162 -> -0.18621795 | O80: =(résultats!Q84-résultats!Q161)/résultats!Q162 -> -0.12902651 | P80: =(résultats!R84-résultats!R161)/résultats!R162 -> -0.25095958 | Q80: =(résultats!S84-résultats!S161)/résultats!S162 -> -0.21935406 | R80: =(résultats!T84-résultats!T161)/résultats!T162 -> -0.23858129 | S80: =(résultats!U84-résultats!U161)/résultats!U162 -> -0.41593614 | T80: =(résultats!V84-résultats!V161)/résultats!V162 -> 0.43651259 | ... Y80: =(résultats!AA84-résultats!AA161)/résultats!AA162 -> 0.59741327 | Z80: - | AA80: - | AB80: - | AD80: =0.865*N80+0.814*P80-0.789*R80 -> -0.17711898
C81: 0575E2 | D81: =D67+11111+139 -> 56389 | E81: =(résultats!E85-résultats!E161)/résultats!E162 -> 0.32558766 | F81: =(résultats!F85-résultats!F161)/résultats!F162 -> 0.21507173 | G81: =(résultats!G85-résultats!G161)/résultats!G162 -> -0.20648052 | H81: =(résultats!H85-résultats!H161)/résultats!H162 -> -0.30467816 | I81: =(résultats!I85-résultats!I161)/résultats!I162 -> -0.15775457 | J81: =(résultats!J85-résultats!J161)/résultats!J162 -> -0.24766387 | K81: =(résultats!K85-résultats!K161)/résultats!K162 -> 0.20090123 | L81: =(résultats!L85-résultats!L161)/résultats!L162 -> 0.40634138 | M81: =(résultats!O85-résultats!O161)/résultats!O162 -> -0.21619804 | N81: =(résultats!P85-résultats!P161)/résultats!P162 -> -0.32972144 | O81: =(résultats!Q85-résultats!Q161)/résultats!Q162 -> -0.17202127 | P81: =(résultats!R85-résultats!R161)/résultats!R162 -> -0.26275213 | Q81: =(résultats!S85-résultats!S161)/résultats!S162 -> 0.15568333 | R81: =(résultats!T85-résultats!T161)/résultats!T162 -> 0.22389245 | S81: =(résultats!U85-résultats!U161)/résultats!U162 -> -0.38349768 | T81: =(résultats!V85-résultats!V161)/résultats!V162 -> -0.11290396 | ... Y81: =(résultats!AA85-résultats!AA161)/résultats!AA162 -> 0.14129557 | Z81: - | AA81: - | AB81: - | AD81: =0.865*N81+0.814*P81-0.789*R81 -> -0.67574042
C82: 0575E4 | D82: =D68+11111+139 -> 56389 | E82: =(résultats!E86-résultats!E161)/résultats!E162 -> -0.060434866 | F82: =(résultats!F86-résultats!F161)/résultats!F162 -> 0.17468113 | G82: =(résultats!G86-résultats!G161)/résultats!G162 -> 0.2279234 | H82: =(résultats!H86-résultats!H161)/résultats!H162 -> 0.24176242 | I82: =(résultats!I86-résultats!I161)/résultats!I162 -> 0.19639899 | J82: =(résultats!J86-résultats!J161)/résultats!J162 -> 0.25644254 | K82: =(résultats!K86-résultats!K161)/résultats!K162 -> -0.075673356 | L82: =(résultats!L86-résultats!L161)/résultats!L162 -> -0.20244876 | M82: =(résultats!O86-résultats!O161)/résultats!O162 -> 0.28053244 | N82: =(résultats!P86-résultats!P161)/résultats!P162 -> 0.20686807 | O82: =(résultats!Q86-résultats!Q161)/résultats!Q162 -> 0.18693497 | P82: =(résultats!R86-résultats!R161)/résultats!R162 -> 0.25122499 | Q82: =(résultats!S86-résultats!S161)/résultats!S162 -> -0.39415963 | R82: =(résultats!T86-résultats!T161)/résultats!T162 -> -0.48342033 | S82: =(résultats!U86-résultats!U161)/résultats!U162 -> -0.042893833 | T82: =(résultats!V86-résultats!V161)/résultats!V162 -> 0.29623603 | ... Y82: =(résultats!AA86-résultats!AA161)/résultats!AA162 -> 0.67404843 | Z82: - | AA82: - | AB82: - | AD82: =0.865*N82+0.814*P82-0.789*R82 -> 0.76485665
C83: 0639E1 | D83: =D69+11111+139 -> 56389 | E83: =(résultats!E87-résultats!E161)/résultats!E162 -> -0.54677963 | F83: =(résultats!F87-résultats!F161)/résultats!F162 -> -0.30128315 | G83: =(résultats!G87-résultats!G161)/résultats!G162 -> 0.56486687 | H83: =(résultats!H87-résultats!H161)/résultats!H162 -> 0.12809234 | I83: =(résultats!I87-résultats!I161)/résultats!I162 -> 0.47407608 | J83: =(résultats!J87-résultats!J161)/résultats!J162 -> 0.022595301 | K83: =(résultats!K87-résultats!K161)/résultats!K162 -> 0.025140404 | L83: =(résultats!L87-résultats!L161)/résultats!L162 -> 0.3151123 | M83: =(résultats!O87-résultats!O161)/résultats!O162 -> 1.3781675 | N83: =(résultats!P87-résultats!P161)/résultats!P162 -> 0.44238414 | O83: =(résultats!Q87-résultats!Q161)/résultats!Q162 -> 0.4550134 | P83: =(résultats!R87-résultats!R161)/résultats!R162 -> 0.0075123174 | Q83: =(résultats!S87-résultats!S161)/résultats!S162 -> -1.1950869 | R83: =(résultats!T87-résultats!T161)/résultats!T162 -> -0.96403029 | S83: =(résultats!U87-résultats!U161)/résultats!U162 -> -0.88629383 | T83: =(résultats!V87-résultats!V161)/résultats!V162 -> -0.47138852 | ... Y83: =(résultats!AA87-résultats!AA161)/résultats!AA162 -> 1.0484527 | Z83: - | AA83: - | AB83: - | AD83: =0.865*N83+0.814*P83-0.789*R83 -> 1.1493972
C84: 0639E4 | D84: =D70+11111+139 -> 56389 | E84: =(résultats!E88-résultats!E161)/résultats!E162 -> -0.35703974 | F84: =(résultats!F88-résultats!F161)/résultats!F162 -> 1.1982888 | G84: =(résultats!G88-résultats!G161)/résultats!G162 -> 4.2535438 | H84: =(résultats!H88-résultats!H161)/résultats!H162 -> 3.9256346 | I84: =(résultats!I88-résultats!I161)/résultats!I162 -> 4.3012739 | J84: =(résultats!J88-résultats!J161)/résultats!J162 -> 3.9735963 | K84: =(résultats!K88-résultats!K161)/résultats!K162 -> -2.2358735 | L84: =(résultats!L88-résultats!L161)/résultats!L162 -> -2.0057635 | M84: =(résultats!O88-résultats!O161)/résultats!O162 -> 4.3635641 | N84: =(résultats!P88-résultats!P161)/résultats!P162 -> 4.119016 | O84: =(résultats!Q88-résultats!Q161)/résultats!Q162 -> 4.3054329 | P84: =(résultats!R88-résultats!R161)/résultats!R162 -> 3.8960866 | Q84: =(résultats!S88-résultats!S161)/résultats!S162 -> -2.1930678 | R84: =(résultats!T88-résultats!T161)/résultats!T162 -> -2.8592658 | S84: =(résultats!U88-résultats!U161)/résultats!U162 -> 0.41124463 | T84: =(résultats!V88-résultats!V161)/résultats!V162 -> 0.65472059 | ... Y84: =(résultats!AA88-résultats!AA161)/résultats!AA162 -> 2.525757 | Z84: - | AA84: - | AB84: - | AD84: =0.865*N84+0.814*P84-0.789*R84 -> 8.990324
C85: 0699E2 | D85: =D71+11111+139 -> 56389 | E85: =(résultats!E89-résultats!E161)/résultats!E162 -> 0.7648869 | F85: =(résultats!F89-résultats!F161)/résultats!F162 -> 1.0139711 | G85: =(résultats!G89-résultats!G161)/résultats!G162 -> 0.28195373 | H85: =(résultats!H89-résultats!H161)/résultats!H162 -> 0.2694416 | I85: =(résultats!I89-résultats!I161)/résultats!I162 -> 0.38646553 | J85: =(résultats!J89-résultats!J161)/résultats!J162 -> 0.45410733 | K85: =(résultats!K89-résultats!K161)/résultats!K162 -> -0.75517136 | L85: =(résultats!L89-résultats!L161)/résultats!L162 -> -0.5614024 | M85: =(résultats!O89-résultats!O161)/résultats!O162 -> -0.075813647 | N85: =(résultats!P89-résultats!P161)/résultats!P162 -> -0.15331022 | O85: =(résultats!Q89-résultats!Q161)/résultats!Q162 -> 0.40290864 | P85: =(résultats!R89-résultats!R161)/résultats!R162 -> 0.45993084 | Q85: =(résultats!S89-résultats!S161)/résultats!S162 -> 0.29870607 | R85: =(résultats!T89-résultats!T161)/résultats!T162 -> 0.84505815 | S85: =(résultats!U89-résultats!U161)/résultats!U162 -> 1.1573292 | T85: =(résultats!V89-résultats!V161)/résultats!V162 -> 0.54172002 | ... Y85: =(résultats!AA89-résultats!AA161)/résultats!AA162 -> -0.49025201 | Z85: - | AA85: - | AB85: - | AD85: =0.865*N85+0.814*P85-0.789*R85 -> -0.42498052
C86: 0699E3 | D86: =D72+11111+139 -> 56389 | E86: =(résultats!E90-résultats!E161)/résultats!E162 -> 0.80725902 | F86: =(résultats!F90-résultats!F161)/résultats!F162 -> 1.1889971 | G86: =(résultats!G90-résultats!G161)/résultats!G162 -> 0.14857599 | H86: =(résultats!H90-résultats!H161)/résultats!H162 -> 0.16339531 | I86: =(résultats!I90-résultats!I161)/résultats!I162 -> 0.2672522 | J86: =(résultats!J90-résultats!J161)/résultats!J162 -> 0.38985098 | K86: =(résultats!K90-résultats!K161)/résultats!K162 -> -0.90208088 | L86: =(résultats!L90-résultats!L161)/résultats!L162 -> -0.72935136 | M86: =(résultats!O90-résultats!O161)/résultats!O162 -> -0.2990174 | N86: =(résultats!P90-résultats!P161)/résultats!P162 -> -0.42083068 | O86: =(résultats!Q90-résultats!Q161)/résultats!Q162 -> 0.29392193 | P86: =(résultats!R90-résultats!R161)/résultats!R162 -> 0.40653062 | Q86: =(résultats!S90-résultats!S161)/résultats!S162 -> 0.63878235 | R86: =(résultats!T90-résultats!T161)/résultats!T162 -> 1.1080334 | S86: =(résultats!U90-résultats!U161)/résultats!U162 -> 1.7898792 | T86: =(résultats!V90-résultats!V161)/résultats!V162 -> 0.48716802 | ... Y86: =(résultats!AA90-résultats!AA161)/résultats!AA162 -> -0.43346813 | Z86: - | AA86: - | AB86: - | AD86: =0.865*N86+0.814*P86-0.789*R86 -> -0.90734097
B87: 7 | C87: 0025E2 | D87: =D73+11111+139 -> 67639 | E87: =(résultats!E91-résultats!E161)/résultats!E162 -> -0.095329557 | F87: =(résultats!F91-résultats!F161)/résultats!F162 -> -0.1894031 | G87: =(résultats!G91-résultats!G161)/résultats!G162 -> -0.056739297 | H87: =(résultats!H91-résultats!H161)/résultats!H162 -> -0.22631105 | I87: =(résultats!I91-résultats!I161)/résultats!I162 -> -0.090837658 | J87: =(résultats!J91-résultats!J161)/résultats!J162 -> -0.27634975 | K87: =(résultats!K91-résultats!K161)/résultats!K162 -> 0.13822426 | L87: =(résultats!L91-résultats!L161)/résultats!L162 -> 0.33995682 | M87: =(résultats!O91-résultats!O161)/résultats!O162 -> 0.025946465 | N87: =(résultats!P91-résultats!P161)/résultats!P162 -> -0.18595985 | O87: =(résultats!Q91-résultats!Q161)/résultats!Q162 -> -0.10391846 | P87: =(résultats!R91-résultats!R161)/résultats!R162 -> -0.2895264 | Q87: =(résultats!S91-résultats!S161)/résultats!S162 -> -0.23524548 | R87: =(résultats!T91-résultats!T161)/résultats!T162 -> -0.2793878 | S87: =(résultats!U91-résultats!U161)/résultats!U162 -> -0.42404576 | T87: =(résultats!V91-résultats!V161)/résultats!V162 -> -0.45190566 | ... Y87: =(résultats!AA91-résultats!AA161)/résultats!AA162 -> -0.36237286 | Z87: - | AA87: - | AB87: - | AD87: =0.865*N87+0.814*P87-0.789*R87 -> -0.17609279
C88: 0025E4 | D88: =D74+11111+139 -> 67639 | E88: =(résultats!E92-résultats!E161)/résultats!E162 -> 0.011535435 | F88: =(résultats!F92-résultats!F161)/résultats!F162 -> -0.17992174 | G88: =(résultats!G92-résultats!G161)/résultats!G162 -> 0.083842496 | H88: =(résultats!H92-résultats!H161)/résultats!H162 -> -0.027611632 | I88: =(résultats!I92-résultats!I161)/résultats!I162 -> 0.059641056 | J88: =(résultats!J92-résultats!J161)/résultats!J162 -> -0.13001355 | K88: =(résultats!K92-résultats!K161)/résultats!K162 -> 0.041721614 | L88: =(résultats!L92-résultats!L161)/résultats!L162 -> 0.17081532 | M88: =(résultats!O92-résultats!O161)/résultats!O162 -> 0.13680557 | N88: =(résultats!P92-résultats!P161)/résultats!P162 -> -0.022582667 | O88: =(résultats!Q92-résultats!Q161)/résultats!Q162 -> 0.047507523 | P88: =(résultats!R92-résultats!R161)/résultats!R162 -> -0.1273974 | Q88: =(résultats!S92-résultats!S161)/résultats!S162 -> -0.25749346 | R88: =(résultats!T92-résultats!T161)/résultats!T162 -> -0.45168193 | S88: =(résultats!U92-résultats!U161)/résultats!U162 -> -0.29429191 | T88: =(résultats!V92-résultats!V161)/résultats!V162 -> -0.24149081 | ... AB88: =(résultats!AD92-résultats!AD161)/résultats!AD162 -> 0.13341484 | AD88: =0.865*N88+0.814*P88-0.789*R88 -> 0.23314155
C89: 0244E1 | D89: =D75+11111+139 -> 67639 | E89: =(résultats!E93-résultats!E161)/résultats!E162 -> -0.13739012 | F89: =(résultats!F93-résultats!F161)/résultats!F162 -> -0.30697197 | G89: =(résultats!G93-résultats!G161)/résultats!G162 -> -0.60167385 | H89: =(résultats!H93-résultats!H161)/résultats!H162 -> -0.69692579 | I89: =(résultats!I93-résultats!I161)/résultats!I162 -> -0.61987493 | J89: =(résultats!J93-résultats!J161)/résultats!J162 -> -0.71214554 | K89: =(résultats!K93-résultats!K161)/résultats!K162 -> 0.24202264 | L89: =(résultats!L93-résultats!L161)/résultats!L162 -> 0.50214185 | M89: =(résultats!O93-résultats!O161)/résultats!O162 -> -0.58034326 | N89: =(résultats!P93-résultats!P161)/résultats!P162 -> -0.65002331 | O89: =(résultats!Q93-résultats!Q161)/résultats!Q162 -> -0.62685471 | P89: =(résultats!R93-résultats!R161)/résultats!R162 -> -0.71138814 | Q89: =(résultats!S93-résultats!S161)/résultats!S162 -> 0.37498486 | R89: =(résultats!T93-résultats!T161)/résultats!T162 -> 0.37805036 | S89: =(résultats!U93-résultats!U161)/résultats!U162 -> -0.10777076 | T89: =(résultats!V93-résultats!V161)/résultats!V162 -> -0.15966281 | ... Y89: =(résultats!AA93-résultats!AA161)/résultats!AA162 -> -0.57889027 | Z89: - | AA89: - | AB89: - | AD89: =0.865*N89+0.814*P89-0.789*R89 -> -1.4396218
C90: 0374E3 | D90: =D76+11111+139 -> 67639 | E90: =(résultats!E94-résultats!E161)/résultats!E162 -> -0.12897801 | F90: =(résultats!F94-résultats!F161)/résultats!F162 -> -0.26430585 | G90: =(résultats!G94-résultats!G161)/résultats!G162 -> -0.60702542 | H90: =(résultats!H94-résultats!H161)/résultats!H162 -> -0.60125061 | I90: =(résultats!I94-résultats!I161)/résultats!I162 -> -0.631009 | J90: =(résultats!J94-résultats!J161)/résultats!J162 -> -0.64842465 | K90: =(résultats!K94-résultats!K161)/résultats!K162 -> 0.13490802 | L90: =(résultats!L94-résultats!L161)/résultats!L162 -> 0.33419289 | M90: =(résultats!O94-résultats!O161)/résultats!O162 -> -0.62825222 | N90: =(résultats!P94-résultats!P161)/résultats!P162 -> -0.600081 | O90: =(résultats!Q94-résultats!Q161)/résultats!Q162 -> -0.63385385 | P90: =(résultats!R94-résultats!R161)/résultats!R162 -> -0.638482 | Q90: =(résultats!S94-résultats!S161)/résultats!S162 -> 0.41312426 | R90: =(résultats!T94-résultats!T161)/résultats!T162 -> 0.76344514 | S90: =(résultats!U94-résultats!U161)/résultats!U162 -> -0.018564987 | T90: =(résultats!V94-résultats!V161)/résultats!V162 -> -0.49476795 | ... Y90: =(résultats!AA94-résultats!AA161)/résultats!AA162 -> -0.5687338 | Z90: - | AA90: - | AB90: - | AD90: =0.865*N90+0.814*P90-0.789*R90 -> -1.6411526
C91: 0429E2 | D91: =D77+11111+139 -> 67639 | E91: =(résultats!E95-résultats!E161)/résultats!E162 -> 0.0028117623 | F91: =(résultats!F95-résultats!F161)/résultats!F162 -> 0.16026947 | G91: =(résultats!G95-résultats!G161)/résultats!G162 -> 1.2377247 | H91: =(résultats!H95-résultats!H161)/résultats!H162 -> 0.64335091 | I91: =(résultats!I95-résultats!I161)/résultats!I162 -> 0.7874047 | J91: =(résultats!J95-résultats!J161)/résultats!J162 -> 0.58147261 | K91: =(résultats!K95-résultats!K161)/résultats!K162 -> -0.56680881 | L91: =(résultats!L95-résultats!L161)/résultats!L162 -> -0.24021243 | M91: =(résultats!O95-résultats!O161)/résultats!O162 -> 0.80196017 | N91: =(résultats!P95-résultats!P161)/résultats!P162 -> 0.65763939 | O91: =(résultats!Q95-résultats!Q161)/résultats!Q162 -> 0.78686183 | P91: =(résultats!R95-résultats!R161)/résultats!R162 -> 0.5702913 | Q91: =(résultats!S95-résultats!S161)/résultats!S162 -> -0.622996 | R91: =(résultats!T95-résultats!T161)/résultats!T162 -> -0.84614483 | S91: =(résultats!U95-résultats!U161)/résultats!U162 -> 0.5004504 | T91: =(résultats!V95-résultats!V161)/résultats!V162 -> 0.33909831 | ... Y91: =(résultats!AA95-résultats!AA161)/résultats!AA162 -> 0.96489271 | Z91: - | AA91: - | AB91: - | AD91: =0.865*N91+0.814*P91-0.789*R91 -> 1.7006835
C92: 0429E4 | D92: =D78+11111+139 -> 67639 | E92: =(résultats!E96-résultats!E161)/résultats!E162 -> 0.24738616 | F92: =(résultats!F96-résultats!F161)/résultats!F162 -> 0.31481564 | G92: =(résultats!G96-résultats!G161)/résultats!G162 -> 0.30130174 | H92: =(résultats!H96-résultats!H161)/résultats!H162 -> 0.28791728 | I92: =(résultats!I96-résultats!I161)/résultats!I162 -> 0.31606218 | J92: =(résultats!J96-résultats!J161)/résultats!J162 -> 0.28474594 | K92: =(résultats!K96-résultats!K161)/résultats!K162 -> -0.25872992 | L92: =(résultats!L96-résultats!L161)/résultats!L162 -> -0.057953027 | M92: =(résultats!O96-résultats!O161)/résultats!O162 -> 0.23763721 | N92: =(résultats!P96-résultats!P161)/résultats!P162 -> 0.19770552 | O92: =(résultats!Q96-résultats!Q161)/résultats!Q162 -> 0.31136424 | P92: =(résultats!R96-résultats!R161)/résultats!R162 -> 0.27384591 | Q92: =(résultats!S96-résultats!S161)/résultats!S162 -> -0.20346265 | R92: =(résultats!T96-résultats!T161)/résultats!T162 -> -0.30659213 | S92: =(résultats!U96-résultats!U161)/résultats!U162 -> 0.20850424 | T92: =(résultats!V96-résultats!V161)/résultats!V162 -> 0.2728566 | ... Y92: =(résultats!AA96-résultats!AA161)/résultats!AA162 -> 0.11313446 | Z92: - | AA92: - | AB92: - | AD92: =0.865*N92+0.814*P92-0.789*R92 -> 0.63582704
C93: 0532E1 | D93: =D79+11111+139 -> 67639 | E93: =(résultats!E97-résultats!E161)/résultats!E162 -> 0.26888378 | F93: =(résultats!F97-résultats!F161)/résultats!F162 -> 0.41607657 | G93: =(résultats!G97-résultats!G161)/résultats!G162 -> 1.1297669 | H93: =(résultats!H97-résultats!H161)/résultats!H162 -> 1.0289363 | I93: =(résultats!I97-résultats!I161)/résultats!I162 -> 1.1246885 | J93: =(résultats!J97-résultats!J161)/résultats!J162 -> 1.0207872 | K93: =(résultats!K97-résultats!K161)/résultats!K162 -> -0.64109263 | L93: =(résultats!L97-résultats!L161)/résultats!L162 -> -0.39802483 | M93: =(résultats!O97-résultats!O161)/résultats!O162 -> 1.0842145 | N93: =(résultats!P97-résultats!P161)/résultats!P162 -> 0.99936354 | O93: =(résultats!Q97-résultats!Q161)/résultats!Q162 -> 1.1210433 | P93: =(résultats!R97-résultats!R161)/résultats!R162 -> 1.0014239 | Q93: =(résultats!S97-résultats!S161)/résultats!S162 -> -0.75648389 | R93: =(résultats!T97-résultats!T161)/résultats!T162 -> -1.104586 | S93: =(résultats!U97-résultats!U161)/résultats!U162 -> 0.24905232 | T93: =(résultats!V97-résultats!V161)/résultats!V162 -> 0.10140746 | ... Y93: =(résultats!AA97-résultats!AA161)/résultats!AA162 -> 0.080818425 | Z93: - | AA93: - | AB93: - | AD93: =0.865*N93+0.814*P93-0.789*R93 -> 2.5511269
C94: 0532E4 | D94: =D80+11111+139 -> 67639 | E94: =(résultats!E98-résultats!E161)/résultats!E162 -> -0.12804333 | F94: =(résultats!F98-résultats!F161)/résultats!F162 -> -0.01437719 | G94: =(résultats!G98-résultats!G161)/résultats!G162 -> 0.11337908 | H94: =(résultats!H98-résultats!H161)/résultats!H162 -> -0.092310855 | I94: =(résultats!I98-résultats!I161)/résultats!I162 -> 0.078197848 | J94: =(résultats!J98-résultats!J161)/résultats!J162 -> -0.11792723 | K94: =(résultats!K98-résultats!K161)/résultats!K162 -> 0.090138749 | L94: =(résultats!L98-résultats!L161)/résultats!L162 -> 0.26363445 | M94: =(résultats!O98-résultats!O161)/résultats!O162 -> 0.21869646 | N94: =(résultats!P98-résultats!P161)/résultats!P162 -> -0.041940153 | O94: =(résultats!Q98-résultats!Q161)/résultats!Q162 -> 0.064727646 | P94: =(résultats!R98-résultats!R161)/résultats!R162 -> -0.12509823 | Q94: =(résultats!S98-résultats!S161)/résultats!S162 -> -0.39415963 | R94: =(résultats!T98-résultats!T161)/résultats!T162 -> -0.33379647 | S94: =(résultats!U98-résultats!U161)/résultats!U162 -> -0.21319576 | T94: =(résultats!V98-résultats!V161)/résultats!V162 -> 0.89630801 | ... Y94: =(résultats!AA98-résultats!AA161)/résultats!AA162 -> 0.82824206 | Z94: - | AA94: - | AB94: - | AD94: =0.865*N94+0.814*P94-0.789*R94 -> 0.12525723
C95: 0575E2 | D95: =D81+11111+139 -> 67639 | E95: =(résultats!E99-résultats!E161)/résultats!E162 -> 0.20252156 | F95: =(résultats!F99-résultats!F161)/résultats!F162 -> 0.20919329 | G95: =(résultats!G99-résultats!G161)/résultats!G162 -> -0.086790456 | H95: =(résultats!H99-résultats!H161)/résultats!H162 -> -0.194923 | I95: =(résultats!I99-résultats!I161)/résultats!I162 -> -0.063958426 | J95: =(résultats!J99-résultats!J161)/résultats!J162 -> -0.15602207 | K95: =(résultats!K99-résultats!K161)/résultats!K162 -> 0.14220375 | L95: =(résultats!L99-résultats!L161)/résultats!L162 -> 0.34651577 | M95: =(résultats!O99-résultats!O161)/résultats!O162 -> -0.06931437 | N95: =(résultats!P99-résultats!P161)/résultats!P162 -> -0.077816027 | O95: =(résultats!Q99-résultats!Q161)/résultats!Q162 -> -0.076477361 | P95: =(résultats!R99-résultats!R161)/résultats!R162 -> -0.18198429 | Q95: =(résultats!S99-résultats!S161)/résultats!S162 -> -0.0064090996 | R95: =(résultats!T99-résultats!T161)/résultats!T162 -> -0.09349149 | S95: =(résultats!U99-résultats!U161)/résultats!U162 -> -0.26185345 | T95: =(résultats!V99-résultats!V161)/résultats!V162 -> 0.1364766 | ... Y95: =(résultats!AA99-résultats!AA161)/résultats!AA162 -> 0.18422973 | Z95: - | AA95: - | AB95: - | AD95: =0.865*N95+0.814*P95-0.789*R95 -> -0.14168129
C96: 0575E4 | D96: =D82+11111+139 -> 67639 | E96: =(résultats!E100-résultats!E161)/résultats!E162 -> -0.040495042 | F96: =(résultats!F100-résultats!F161)/résultats!F162 -> 0.30590316 | G96: =(résultats!G100-résultats!G161)/résultats!G162 -> 1.492645 | H96: =(résultats!H100-résultats!H161)/résultats!H162 -> 1.3369788 | I96: =(résultats!I100-résultats!I161)/résultats!I162 -> 1.4556741 | J96: =(résultats!J100-résultats!J161)/résultats!J162 -> 1.2790366 | K96: =(résultats!K100-résultats!K161)/résultats!K162 -> -0.76445684 | L96: =(résultats!L100-résultats!L161)/résultats!L162 -> -0.60433373 | M96: =(résultats!O100-résultats!O161)/résultats!O162 -> 1.5363785 | N96: =(résultats!P100-résultats!P161)/résultats!P162 -> 1.4134847 | O96: =(résultats!Q100-résultats!Q161)/résultats!Q162 -> 1.4507809 | P96: =(résultats!R100-résultats!R161)/résultats!R162 -> 1.2469166 | Q96: =(résultats!S100-résultats!S161)/résultats!S162 -> -1.1188082 | R96: =(résultats!T100-résultats!T161)/résultats!T162 -> -1.3086186 | S96: =(résultats!U100-résultats!U161)/résultats!U162 -> 0.1841754 | T96: =(résultats!V100-résultats!V161)/résultats!V162 -> 1.1223091 | ... Y96: =(résultats!AA100-résultats!AA161)/résultats!AA162 -> 1.2645085 | Z96: - | AA96: - | AB96: - | AD96: =0.865*N96+0.814*P96-0.789*R96 -> 3.2701544
C97: 0639E1 | D97: =D83+11111+139 -> 67639 | E97: - | F97: - | G97: - | H97: - | I97: - | J97: - | K97: - | L97: - | M97: - | N97: - | O97: - | P97: - | Q97: - | R97: - | S97: - | T97: - | U97: - | V97: - | W97: - | X97: - | Y97: - | Z97: - | AA97: - | AB97: - | AC97: - | AD97: - | AE97: - | AF97: - | AG97: - | AH97: -
C98: 0639E4 | D98: =D84+11111+139 -> 67639 | E98: - | F98: - | G98: - | H98: - | I98: - | J98: - | K98: - | L98: - | M98: - | N98: - | O98: - | P98: - | Q98: - | R98: - | S98: - | T98: - | U98: - | V98: - | W98: - | X98: - | Y98: - | Z98: - | AA98: - | AB98: - | AC98: - | AD98: - | AE98: - | AF98: - | AG98: - | AH98: -
C99: 0699E2 | D99: =D85+11111+139 -> 67639 | E99: =(résultats!E103-résultats!E161)/résultats!E162 -> 0.36577886 | F99: =(résultats!F103-résultats!F161)/résultats!F162 -> 0.62732127 | G99: =(résultats!G103-résultats!G161)/résultats!G162 -> 0.28195373 | H99: =(résultats!H103-résultats!H161)/résultats!H162 -> 0.55440665 | I99: =(résultats!I103-résultats!I161)/résultats!I162 -> 0.31797409 | J99: =(résultats!J103-résultats!J161)/résultats!J162 -> 0.61283583 | K99: =(résultats!K103-résultats!K161)/résultats!K162 -> -0.33069237 | L99: =(résultats!L103-résultats!L161)/résultats!L162 -> -0.2648582 | M99: =(résultats!O103-résultats!O161)/résultats!O162 -> 0.16354545 | N99: =(résultats!P103-résultats!P161)/résultats!P162 -> 0.28804046 | O99: =(résultats!Q103-résultats!Q161)/résultats!Q162 -> 0.31647473 | P99: =(résultats!R103-résultats!R161)/résultats!R162 -> 0.60707811 | Q99: =(résultats!S103-résultats!S161)/résultats!S162 -> -0.10493587 | R99: =(résultats!T103-résultats!T161)/résultats!T162 -> -0.17057045 | S99: =(résultats!U103-résultats!U161)/résultats!U162 -> 0.37069655 | T99: =(résultats!V103-résultats!V161)/résultats!V162 -> 0.34689145 | ... Y99: =(résultats!AA103-résultats!AA161)/résultats!AA162 -> -0.36698944 | Z99: - | AA99: - | AB99: - | AD99: =0.865*N99+0.814*P99-0.789*R99 -> 0.87789666
C100: 0699E3 | D100: =D86+11111+139 -> 67639 | E100: =(résultats!E104-résultats!E161)/résultats!E162 -> -0.081932488 | F100: =(résultats!F104-résultats!F161)/résultats!F162 -> 0.20464223 | G100: =(résultats!G104-résultats!G161)/résultats!G162 -> -0.027717287 | H100: =(résultats!H104-résultats!H161)/résultats!H162 -> 0.14821641 | I100: =(résultats!I104-résultats!I161)/résultats!I162 -> -0.056873105 | J100: =(résultats!J104-résultats!J161)/résultats!J162 -> 0.19226268 | K100: =(résultats!K104-résultats!K161)/résultats!K162 -> -0.046158801 | L100: =(résultats!L104-résultats!L161)/résultats!L162 -> -0.11002714 | M100: =(résultats!O104-résultats!O161)/résultats!O162 -> -0.010635181 | N100: =(résultats!P104-résultats!P161)/résultats!P162 -> 0.048781931 | O100: =(résultats!Q104-résultats!Q161)/résultats!Q162 -> -0.063034556 | P100: =(résultats!R104-résultats!R161)/résultats!R162 -> 0.18580972 | Q100: =(résultats!S104-résultats!S161)/résultats!S162 -> -0.29563285 | R100: =(résultats!T104-résultats!T161)/résultats!T162 -> -0.079889322 | S100: =(résultats!U104-résultats!U161)/résultats!U162 -> 0.070640782 | T100: =(résultats!V104-résultats!V161)/résultats!V162 -> 0.20661489 | ... Y100: =(résultats!AA104-résultats!AA161)/résultats!AA162 -> -0.34575319 | Z100: - | AA100: - | AB100: - | AD100: =0.865*N100+0.814*P100-0.789*R100 -> 0.25647815
...

Sheet corr_matrix
A1: Correlation Matrix
C2: N av | D2: N max | E2: Fpav | F2: Fpmax | G2: Fs av | H2: Fs max | I2: Fpnav | J2: Fpn max | K2: P av | L2: P max | M2: Fz av | N2: Fz max | O2: R av | P2: R max | Q2: EAA av | R2: EAA max | S2: λ av | T2: λ max | U2: η | V2: μe | W2: β | X2: VB max | Y2: VB av | Z2: Rt | AA2: Ra | AB2: Curve
B3: N av | C3: =CORREL(résultats!$E7:$E160,résultats!E7:E160) -> 1 | D3: =CORREL(résultats!$E7:$E160,résultats!F7:F160) -> 0.90771298 | E3: =CORREL(résultats!$E7:$E160,résultats!G7:G160) -> 0.10975344 | F3: =CORREL(résultats!$E7:$E160,résultats!H7:H160) -> -0.16905907 | G3: =CORREL(résultats!$E7:$E160,résultats!I7:I160) -> 0.20313523 | H3: =CORREL(résultats!$E7:$E160,résultats!J7:J160) -> -0.060695393 | I3: =CORREL(résultats!$E7:$E160,résultats!K7:K160) -> 0.089392784 | J3: =CORREL(résultats!$E7:$E160,résultats!L7:L160) -> 0.58268605 | ... AB3: =CORREL(résultats!$E7:$E160,résultats!AD7:AD160) -> -0.31441314
B4: N max | C4: =CORREL(résultats!$F7:$F160,résultats!E7:E160) -> 0.90771298 | D4: =CORREL(résultats!$F7:$F160,résultats!F7:F160) -> 1 | E4: =CORREL(résultats!$F7:$F160,résultats!G7:G160) -> 0.44836402 | F4: =CORREL(résultats!$F7:$F160,résultats!H7:H160) -> 0.21578682 | G4: =CORREL(résultats!$F7:$F160,résultats!I7:I160) -> 0.53098745 | H4: =CORREL(résultats!$F7:$F160,résultats!J7:J160) -> 0.32618375 | I4: =CORREL(résultats!$F7:$F160,résultats!K7:K160) -> -0.073244458 | J4: =CORREL(résultats!$F7:$F160,résultats!L7:L160) -> 0.28255003 | ... AB4: =CORREL(résultats!$F7:$F160,résultats!AD7:AD160) -> -0.01311292
B5: Fpav | C5: =CORREL(résultats!$G7:$G160,résultats!E7:E160) -> 0.10975344 | D5: =CORREL(résultats!$G7:$G160,résultats!F7:F160) -> 0.44836402 | E5: =CORREL(résultats!$G7:$G160,résultats!G7:G160) -> 1 | F5: =CORREL(résultats!$G7:$G160,résultats!H7:H160) -> 0.92541917 | G5: =CORREL(résultats!$G7:$G160,résultats!I7:I160) -> 0.98922356 | H5: =CORREL(résultats!$G7:$G160,résultats!J7:J160) -> 0.94018527 | I5: =CORREL(résultats!$G7:$G160,résultats!K7:K160) -> -0.26595091 | J5: =CORREL(résultats!$G7:$G160,résultats!L7:L160) -> -0.43570304 | ... AB5: =CORREL(résultats!$G7:$G160,résultats!AD7:AD160) -> 0.24715761
B6: Fpmax | C6: =+CORREL(résultats!$H7:$H160,résultats!E7:E160) -> -0.16905907 | D6: =+CORREL(résultats!$H7:$H160,résultats!F7:F160) -> 0.21578682 | E6: =+CORREL(résultats!$H7:$H160,résultats!G7:G160) -> 0.92541917 | F6: =+CORREL(résultats!$H7:$H160,résultats!H7:H160) -> 1 | G6: =+CORREL(résultats!$H7:$H160,résultats!I7:I160) -> 0.90342396 | H6: =+CORREL(résultats!$H7:$H160,résultats!J7:J160) -> 0.99007728 | I6: =+CORREL(résultats!$H7:$H160,résultats!K7:K160) -> -0.37445688 | J6: =+CORREL(résultats!$H7:$H160,résultats!L7:L160) -> -0.69034098 | ... AB6: =+CORREL(résultats!$H7:$H160,résultats!AD7:AD160) -> 0.2448943
B7: Fs av | C7: =CORREL(résultats!$I7:$I160,résultats!E7:E160) -> 0.20313523 | D7: =CORREL(résultats!$I7:$I160,résultats!F7:F160) -> 0.53098745 | E7: =CORREL(résultats!$I7:$I160,résultats!G7:G160) -> 0.98922356 | F7: =CORREL(résultats!$I7:$I160,résultats!H7:H160) -> 0.90342396 | G7: =CORREL(résultats!$I7:$I160,résultats!I7:I160) -> 1 | H7: =CORREL(résultats!$I7:$I160,résultats!J7:J160) -> 0.93014091 | I7: =CORREL(résultats!$I7:$I160,résultats!K7:K160) -> -0.25638606 | J7: =CORREL(résultats!$I7:$I160,résultats!L7:L160) -> -0.39010282 | ... AB7: =CORREL(résultats!$I7:$I160,résultats!AD7:AD160) -> 0.2364039
B8: Fs max | C8: =CORREL(résultats!$J7:$J160,résultats!E7:E160) -> -0.060695393 | D8: =CORREL(résultats!$J7:$J160,résultats!F7:F160) -> 0.32618375 | E8: =CORREL(résultats!$J7:$J160,résultats!G7:G160) -> 0.94018527 | F8: =CORREL(résultats!$J7:$J160,résultats!H7:H160) -> 0.99007728 | G8: =CORREL(résultats!$J7:$J160,résultats!I7:I160) -> 0.93014091 | H8: =CORREL(résultats!$J7:$J160,résultats!J7:J160) -> 1 | I8: =CORREL(résultats!$J7:$J160,résultats!K7:K160) -> -0.3875152 | J8: =CORREL(résultats!$J7:$J160,résultats!L7:L160) -> -0.65933173 | ... AB8: =CORREL(résultats!$J7:$J160,résultats!AD7:AD160) -> 0.21932327
B9: Fpnav | C9: =CORREL(résultats!$K7:$K160,résultats!E7:E160) -> 0.089392784 | D9: =CORREL(résultats!$K7:$K160,résultats!F7:F160) -> -0.073244458 | E9: =CORREL(résultats!$K7:$K160,résultats!G7:G160) -> -0.26595091 | F9: =CORREL(résultats!$K7:$K160,résultats!H7:H160) -> -0.37445688 | G9: =CORREL(résultats!$K7:$K160,résultats!I7:I160) -> -0.25638606 | H9: =CORREL(résultats!$K7:$K160,résultats!J7:J160) -> -0.3875152 | I9: =CORREL(résultats!$K7:$K160,résultats!K7:K160) -> 1 | J9: =CORREL(résultats!$K7:$K160,résultats!L7:L160) -> 0.50768478 | ... AB9: =CORREL(résultats!$K7:$K160,résultats!AD7:AD160) -> 0.10383417
B10: Fpn max | C10: =CORREL(résultats!$L7:$L160,résultats!E7:E160) -> 0.58268605 | D10: =CORREL(résultats!$L7:$L160,résultats!F7:F160) -> 0.28255003 | E10: =CORREL(résultats!$L7:$L160,résultats!G7:G160) -> -0.43570304 | F10: =CORREL(résultats!$L7:$L160,résultats!H7:H160) -> -0.69034098 | G10: =CORREL(résultats!$L7:$L160,résultats!I7:I160) -> -0.39010282 | H10: =CORREL(résultats!$L7:$L160,résultats!J7:J160) -> -0.65933173 | I10: =CORREL(résultats!$L7:$L160,résultats!K7:K160) -> 0.50768478 | J10: =CORREL(résultats!$L7:$L160,résultats!L7:L160) -> 1 | ... AB10: =CORREL(résultats!$L7:$L160,résultats!AD7:AD160) -> -0.10767987
B11: P av | C11: =CORREL(résultats!$M7:$M160,résultats!E7:E160) -> 0.094679309 | D11: =CORREL(résultats!$M7:$M160,résultats!F7:F160) -> 0.43780682 | E11: =CORREL(résultats!$M7:$M160,résultats!G7:G160) -> 0.99948675 | F11: =CORREL(résultats!$M7:$M160,résultats!H7:H160) -> 0.9336711 | G11: =CORREL(résultats!$M7:$M160,résultats!I7:I160) -> 0.98805612 | H11: =CORREL(résultats!$M7:$M160,résultats!J7:J160) -> 0.94804899 | I11: =CORREL(résultats!$M7:$M160,résultats!K7:K160) -> -0.28140191 | J11: =CORREL(résultats!$M7:$M160,résultats!L7:L160) -> -0.46251295 | ... AB11: =CORREL(résultats!$M7:$M160,résultats!AD7:AD160) -> 0.24334998
B12: P max | C12: =CORREL(résultats!$N7:$N160,résultats!E7:E160) -> -0.22178817 | D12: =CORREL(résultats!$N7:$N160,résultats!F7:F160) -> 0.16448402 | E12: =CORREL(résultats!$N7:$N160,résultats!G7:G160) -> 0.90228233 | F12: =CORREL(résultats!$N7:$N160,résultats!H7:H160) -> 0.99751588 | G12: =CORREL(résultats!$N7:$N160,résultats!I7:I160) -> 0.87647155 | H12: =CORREL(résultats!$N7:$N160,résultats!J7:J160) -> 0.98382422 | I12: =CORREL(résultats!$N7:$N160,résultats!K7:K160) -> -0.3943634 | J12: =CORREL(résultats!$N7:$N160,résultats!L7:L160) -> -0.73853414 | ... AB12: =CORREL(résultats!$N7:$N160,résultats!AD7:AD160) -> 0.24167606
B13: Fz av | C13: =CORREL(résultats!$O7:$O160,résultats!E7:E160) -> -0.033097971 | D13: =CORREL(résultats!$O7:$O160,résultats!F7:F160) -> 0.29349537 | E13: =CORREL(résultats!$O7:$O160,résultats!G7:G160) -> 0.96564051 | F13: =CORREL(résultats!$O7:$O160,résultats!H7:H160) -> 0.91180008 | G13: =CORREL(résultats!$O7:$O160,résultats!I7:I160) -> 0.94879082 | H13: =CORREL(résultats!$O7:$O160,résultats!J7:J160) -> 0.90242835 | I13: =CORREL(résultats!$O7:$O160,résultats!K7:K160) -> -0.18942486 | J13: =CORREL(résultats!$O7:$O160,résultats!L7:L160) -> -0.40380163 | ... AB13: =CORREL(résultats!$O7:$O160,résultats!AD7:AD160) -> 0.29765205
B14: Fz max | C14: =CORREL(résultats!$P7:$P160,résultats!E7:E160) -> -0.22200357 | D14: =CORREL(résultats!$P7:$P160,résultats!F7:F160) -> 0.13577577 | E14: =CORREL(résultats!$P7:$P160,résultats!G7:G160) -> 0.91177049 | F14: =CORREL(résultats!$P7:$P160,résultats!H7:H160) -> 0.96256166 | G14: =CORREL(résultats!$P7:$P160,résultats!I7:I160) -> 0.88032893 | H14: =CORREL(résultats!$P7:$P160,résultats!J7:J160) -> 0.93864801 | I14: =CORREL(résultats!$P7:$P160,résultats!K7:K160) -> -0.26018664 | J14: =CORREL(résultats!$P7:$P160,résultats!L7:L160) -> -0.56734444 | ... AB14: =CORREL(résultats!$P7:$P160,résultats!AD7:AD160) -> 0.32126826
B15: R av | C15: =CORREL(résultats!$Q7:$Q160,résultats!E7:E160) -> 0.18145135 | D15: =CORREL(résultats!$Q7:$Q160,résultats!F7:F160) -> 0.51474115 | E15: =CORREL(résultats!$Q7:$Q160,résultats!G7:G160) -> 0.99059459 | F15: =CORREL(résultats!$Q7:$Q160,résultats!H7:H160) -> 0.9151179 | G15: =CORREL(résultats!$Q7:$Q160,résultats!I7:I160) -> 0.99881046 | H15: =CORREL(résultats!$Q7:$Q160,résultats!J7:J160) -> 0.94062209 | I15: =CORREL(résultats!$Q7:$Q160,résultats!K7:K160) -> -0.27365155 | J15: =CORREL(résultats!$Q7:$Q160,résultats!L7:L160) -> -0.42218583 | ... AB15: =CORREL(résultats!$Q7:$Q160,résultats!AD7:AD160) -> 0.23076229
B16: R max | C16: =CORREL(résultats!$R7:$R160,résultats!E7:E160) -> -0.12676121 | D16: =CORREL(résultats!$R7:$R160,résultats!F7:F160) -> 0.26326501 | E16: =CORREL(résultats!$R7:$R160,résultats!G7:G160) -> 0.91831222 | F16: =CORREL(résultats!$R7:$R160,résultats!H7:H160) -> 0.99238533 | G16: =CORREL(résultats!$R7:$R160,résultats!I7:I160) -> 0.90308415 | H16: =CORREL(résultats!$R7:$R160,résultats!J7:J160) -> 0.99676406 | I16: =CORREL(résultats!$R7:$R160,résultats!K7:K160) -> -0.40839754 | J16: =CORREL(résultats!$R7:$R160,résultats!L7:L160) -> -0.71595395 | ... AB16: =CORREL(résultats!$R7:$R160,résultats!AD7:AD160) -> 0.2163964
B17: EAA av | C17: =CORREL(résultats!$S7:$S160,résultats!E7:E160) -> 0.35982241 | D17: =CORREL(résultats!$S7:$S160,résultats!F7:F160) -> 0.14616605 | E17: =CORREL(résultats!$S7:$S160,résultats!G7:G160) -> -0.5585102 | F17: =CORREL(résultats!$S7:$S160,résultats!H7:H160) -> -0.59511742 | G17: =CORREL(résultats!$S7:$S160,résultats!I7:I160) -> -0.50753834 | H17: =CORREL(résultats!$S7:$S160,résultats!J7:J160) -> -0.53913166 | I17: =CORREL(résultats!$S7:$S160,résultats!K7:K160) -> 0.090108873 | J17: =CORREL(résultats!$S7:$S160,résultats!L7:L160) -> 0.33218001 | ... AB17: =CORREL(résultats!$S7:$S160,résultats!AD7:AD160) -> -0.30872854
B18: EAA max | C18: =CORREL(résultats!$T7:$T160,résultats!E7:E160) -> 0.29418738 | D18: =CORREL(résultats!$T7:$T160,résultats!F7:F160) -> 0.052138242 | E18: =CORREL(résultats!$T7:$T160,résultats!G7:G160) -> -0.76534829 | F18: =CORREL(résultats!$T7:$T160,résultats!H7:H160) -> -0.76069055 | G18: =CORREL(résultats!$T7:$T160,résultats!I7:I160) -> -0.71615986 | H18: =CORREL(résultats!$T7:$T160,résultats!J7:J160) -> -0.70500454 | I18: =CORREL(résultats!$T7:$T160,résultats!K7:K160) -> 0.098468239 | J18: =CORREL(résultats!$T7:$T160,résultats!L7:L160) -> 0.31733397 | ... AB18: =CORREL(résultats!$T7:$T160,résultats!AD7:AD160) -> -0.30555242
B19: λ av | C19: =CORREL(résultats!$U7:$U160,résultats!E7:E160) -> -0.11849687 | D19: =CORREL(résultats!$U7:$U160,résultats!F7:F160) -> 0.090459795 | E19: =CORREL(résultats!$U7:$U160,résultats!G7:G160) -> 0.25207837 | F19: =CORREL(résultats!$U7:$U160,résultats!H7:H160) -> 0.40218265 | G19: =CORREL(résultats!$U7:$U160,résultats!I7:I160) -> 0.25107994 | H19: =CORREL(résultats!$U7:$U160,résultats!J7:J160) -> 0.4329643 | I19: =CORREL(résultats!$U7:$U160,résultats!K7:K160) -> -0.54882848 | J19: =CORREL(résultats!$U7:$U160,résultats!L7:L160) -> -0.77160188 | ... AB19: =CORREL(résultats!$U7:$U160,résultats!AD7:AD160) -> -0.13892047
B20: λ max | C20: =CORREL(résultats!$V7:$V160,résultats!E7:E160) -> -0.43228403 | D20: =CORREL(résultats!$V7:$V160,résultats!F7:F160) -> -0.17802514 | E20: =CORREL(résultats!$V7:$V160,résultats!G7:G160) -> 0.31833815 | F20: =CORREL(résultats!$V7:$V160,résultats!H7:H160) -> 0.53738896 | G20: =CORREL(résultats!$V7:$V160,résultats!I7:I160) -> 0.28183006 | H20: =CORREL(résultats!$V7:$V160,résultats!J7:J160) -> 0.52215263 | I20: =CORREL(résultats!$V7:$V160,résultats!K7:K160) -> -0.54692288 | J20: =CORREL(résultats!$V7:$V160,résultats!L7:L160) -> -0.88712333 | ... AB20: =CORREL(résultats!$V7:$V160,résultats!AD7:AD160) -> 0.12397648
B21: η | C21: =CORREL(résultats!$W7:$W160,résultats!E7:E160) -> -0.047768708 | D21: =CORREL(résultats!$W7:$W160,résultats!F7:F160) -> 0.047275219 | E21: =CORREL(résultats!$W7:$W160,résultats!G7:G160) -> 0.2250738 | F21: =CORREL(résultats!$W7:$W160,résultats!H7:H160) -> 0.22178 | G21: =CORREL(résultats!$W7:$W160,résultats!I7:I160) -> 0.22677535 | H21: =CORREL(résultats!$W7:$W160,résultats!J7:J160) -> 0.22141952 | I21: =CORREL(résultats!$W7:$W160,résultats!K7:K160) -> 0.65636933 | J21: =CORREL(résultats!$W7:$W160,résultats!L7:L160) -> -0.16155493 | ... AB21: =CORREL(résultats!$W7:$W160,résultats!AD7:AD160) -> 0.12296193
B22: μe | C22: =CORREL(résultats!$X7:$X160,résultats!E7:E160) -> 0.80050226 | D22: =CORREL(résultats!$X7:$X160,résultats!F7:F160) -> 0.87138283 | E22: =CORREL(résultats!$X7:$X160,résultats!G7:G160) -> 0.52554181 | F22: =CORREL(résultats!$X7:$X160,résultats!H7:H160) -> 0.23568605 | G22: =CORREL(résultats!$X7:$X160,résultats!I7:I160) -> 0.58217604 | H22: =CORREL(résultats!$X7:$X160,résultats!J7:J160) -> 0.3087312 | I22: =CORREL(résultats!$X7:$X160,résultats!K7:K160) -> 0.11958167 | J22: =CORREL(résultats!$X7:$X160,résultats!L7:L160) -> 0.45889225 | ... AB22: =CORREL(résultats!$X7:$X160,résultats!AD7:AD160) -> 0.29588906
B23: β | C23: =CORREL(résultats!$Y7:$Y160,résultats!E7:E160) -> 0.86329694 | D23: =CORREL(résultats!$Y7:$Y160,résultats!F7:F160) -> 0.87661186 | E23: =CORREL(résultats!$Y7:$Y160,résultats!G7:G160) -> 0.39481339 | F23: =CORREL(résultats!$Y7:$Y160,résultats!H7:H160) -> 0.086818086 | G23: =CORREL(résultats!$Y7:$Y160,résultats!I7:I160) -> 0.45559319 | H23: =CORREL(résultats!$Y7:$Y160,résultats!J7:J160) -> 0.1646177 | I23: =CORREL(résultats!$Y7:$Y160,résultats!K7:K160) -> 0.15001458 | J23: =CORREL(résultats!$Y7:$Y160,résultats!L7:L160) -> 0.56972473 | ... AB23: =CORREL(résultats!$Y7:$Y160,résultats!AD7:AD160) -> 0.27872169
B24: VB max | C24: =CORREL(résultats!$Z7:$Z160,résultats!E7:E160) -> -0.14480073 | D24: =CORREL(résultats!$Z7:$Z160,résultats!F7:F160) -> 0.19980713 | E24: =CORREL(résultats!$Z7:$Z160,résultats!G7:G160) -> 0.87264463 | F24: =CORREL(résultats!$Z7:$Z160,résultats!H7:H160) -> 0.92096333 | G24: =CORREL(résultats!$Z7:$Z160,résultats!I7:I160) -> 0.84148742 | H24: =CORREL(résultats!$Z7:$Z160,résultats!J7:J160) -> 0.91193452 | I24: =CORREL(résultats!$Z7:$Z160,résultats!K7:K160) -> -0.20026281 | J24: =CORREL(résultats!$Z7:$Z160,résultats!L7:L160) -> -0.52904432 | ... AB24: =CORREL(résultats!$Z7:$Z160,résultats!AD7:AD160) -> -0.56851417
B25: VB av | C25: =CORREL(résultats!$AA7:$AA160,résultats!E7:E160) -> -0.085338347 | D25: =CORREL(résultats!$AA7:$AA160,résultats!F7:F160) -> 0.18687522 | E25: =CORREL(résultats!$AA7:$AA160,résultats!G7:G160) -> 0.72012118 | F25: =CORREL(résultats!$AA7:$AA160,résultats!H7:H160) -> 0.74596061 | G25: =CORREL(résultats!$AA7:$AA160,résultats!I7:I160) -> 0.69513815 | H25: =CORREL(résultats!$AA7:$AA160,résultats!J7:J160) -> 0.73881334 | I25: =CORREL(résultats!$AA7:$AA160,résultats!K7:K160) -> -0.48733336 | J25: =CORREL(résultats!$AA7:$AA160,résultats!L7:L160) -> -0.53893856 | ... AB25: =CORREL(résultats!$AA7:$AA160,résultats!AD7:AD160) -> -0.043222729
B26: Rt | C26: =CORREL(résultats!$AB7:$AB160,résultats!E7:E160) -> 0.035754379 | D26: =CORREL(résultats!$AB7:$AB160,résultats!F7:F160) -> 0.29175504 | E26: =CORREL(résultats!$AB7:$AB160,résultats!G7:G160) -> 0.34628211 | F26: =CORREL(résultats!$AB7:$AB160,résultats!H7:H160) -> 0.34535238 | G26: =CORREL(résultats!$AB7:$AB160,résultats!I7:I160) -> 0.34485803 | H26: =CORREL(résultats!$AB7:$AB160,résultats!J7:J160) -> 0.33705394 | I26: =CORREL(résultats!$AB7:$AB160,résultats!K7:K160) -> -0.12368523 | J26: =CORREL(résultats!$AB7:$AB160,résultats!L7:L160) -> -0.22818152 | ... AB26: =CORREL(résultats!$AB7:$AB160,résultats!AD7:AD160) -> 0.093633784
B27: Ra | C27: =CORREL(résultats!$AC7:$AC160,résultats!E7:E160) -> -0.12035215 | D27: =CORREL(résultats!$AC7:$AC160,résultats!F7:F160) -> -0.091040602 | E27: =CORREL(résultats!$AC7:$AC160,résultats!G7:G160) -> -0.14871556 | F27: =CORREL(résultats!$AC7:$AC160,résultats!H7:H160) -> -0.13069281 | G27: =CORREL(résultats!$AC7:$AC160,résultats!I7:I160) -> -0.14728983 | H27: =CORREL(résultats!$AC7:$AC160,résultats!J7:J160) -> -0.12156821 | I27: =CORREL(résultats!$AC7:$AC160,résultats!K7:K160) -> 0.004107732 | J27: =CORREL(résultats!$AC7:$AC160,résultats!L7:L160) -> -0.079271287 | ... AB27: =CORREL(résultats!$AC7:$AC160,résultats!AD7:AD160) -> 0.010389325
B28: Curve | C28: =CORREL(résultats!$AD7:$AD160,résultats!E7:E160) -> -0.31441314 | D28: =CORREL(résultats!$AD7:$AD160,résultats!F7:F160) -> -0.01311292 | E28: =CORREL(résultats!$AD7:$AD160,résultats!G7:G160) -> 0.24715761 | F28: =CORREL(résultats!$AD7:$AD160,résultats!H7:H160) -> 0.2448943 | G28: =CORREL(résultats!$AD7:$AD160,résultats!I7:I160) -> 0.2364039 | H28: =CORREL(résultats!$AD7:$AD160,résultats!J7:J160) -> 0.21932327 | I28: =CORREL(résultats!$AD7:$AD160,résultats!K7:K160) -> 0.10383417 | J28: =CORREL(résultats!$AD7:$AD160,résultats!L7:L160) -> -0.10767987 | ... AB28: =CORREL(résultats!$AD7:$AD160,résultats!AD7:AD160) -> 1

Sheet vbmax
A1: RC: Relevant Criterion considering VB max | B1: Vb max | C1: RC (max) | D1: f(RC (max)) | F1: Vb max | G1: RC (max) | H1: f(RC (max)) | K1: Vb max | L1: RC (max) | M1: f(RC (max)) | O1: Vb max | P1: RC (max) | Q1: f(RC (max))
B2: -0.30249553 | C2: -1.2944645 | D2: =0.0882*C2 - 0.1844 -> -0.29857176 | F2: -0.19413699 | G2: -1.4247068 | H2: =0.1129*G2 - 0.1114 -> -0.2722494 | K2: -0.28528318 | L2: -0.92601162 | M2: =0.1345*L2- 0.1744 -> -0.29894856 | O2: -0.29916035 | P2: -1.3837347 | Q2: =0.0759*P2 - 0.1919 -> -0.29692546
B3: -0.29325963 | C3: -1.9004073 | D3: =0.0882*C3 - 0.1844 -> -0.35201593 | F3: -0.18140265 | G3: -1.38974 | H3: =0.1129*G3 - 0.1114 -> -0.26830165 | K3: -0.26639157 | L3: -0.93886626 | M3: =0.1345*L3- 0.1744 -> -0.30067751 | O3: -0.28663591 | P3: -1.3535807 | Q3: =0.0759*P3 - 0.1919 -> -0.29463678
B4: -0.28367389 | C4: -1.0606518 | D4: =0.0882*C4 - 0.1844 -> -0.27794949 | F4: -0.13890819 | G4: -1.3689391 | H4: =0.1129*G4 - 0.1114 -> -0.26595322 | K4: -0.25531315 | L4: -0.79038333 | M4: =0.1345*L4- 0.1744 -> -0.28070656 | O4: -0.25785536 | P4: -1.1568461 | Q4: =0.0759*P4 - 0.1919 -> -0.27970462
B5: -0.2585084 | C5: -0.77511639 | D5: =0.0882*C5 - 0.1844 -> -0.25276527 | F5: -0.11791751 | G5: 0.01044918 | H5: =0.1129*G5 - 0.1114 -> -0.11022029 | K5: -0.23658481 | L5: -0.5206232 | M5: =0.1345*L5- 0.1744 -> -0.24442382 | O5: -0.24346508 | P5: -0.90109726 | Q5: =0.0759*P5 - 0.1919 -> -0.26029328
B6: -0.23798418 | C6: -0.46914504 | D6: =0.0882*C6 - 0.1844 -> -0.22577859 | F6: -0.022036763 | G6: 1.0871148 | H6: =0.1129*G6 - 0.1114 -> 0.011335259 | K6: -0.22046863 | L6: -0.67574042 | M6: =0.1345*L6- 0.1744 -> -0.26528709 | O6: -0.2188127 | P6: -0.42498052 | Q6: =0.0759*P6 - 0.1919 -> -0.22415602
B7: -0.23394931 | C7: -0.17609279 | D7: =0.0882*C7 - 0.1844 -> -0.19993138 | F7: 0.20900062 | G7: 1.7006835 | H7: =0.1129*G7 - 0.1114 -> 0.080607162 | K7: -0.18732668 | L7: -0.14168129 | M7: =0.1345*L7- 0.1744 -> -0.19345613 | O7: -0.14254657 | P7: 0.87789666 | Q7: =0.0759*P7 - 0.1919 -> -0.12526764
B8: -0.2127254 | C8: 0.14312373 | D8: =0.0882*C8 - 0.1844 -> -0.17177649 | K8: -0.014433473 | L8: 0.73451856 | M8: =0.1345*L8- 0.1744 -> -0.075607253 | O8: -0.11742773 | P8: 1.6737844 | Q8: =0.0759*P8 - 0.1919 -> -0.064859764
B9: 0.077389077 | C9: 2.7472945 | D9: =0.0882*C9 - 0.1844 -> 0.057911379 | K9: 0.16853526 | L9: 3.0996424 | M9: =0.1345*L9- 0.1744 -> 0.24250191 | O9: 0.35740471 | P9: 5.0354589 | Q9: =0.0759*P9 - 0.1919 -> 0.19029133
B10: 0.32069435 | C10: 5.0312035 | D10: =0.0882*C10 - 0.1844 -> 0.25935215 | F10: 0429E2 | H10: =CORREL(F2:F7,G2:G7)*100 -> 90.148688 | K10: 0.71324333 | L10: 8.9254266 | M10: =0.1345*L10- 0.1744 -> 1.0260699
K11: 0575E2 | M11: =CORREL(K2:K11,L2:L11)*100 -> 99.521493 | O11: 0699E1 | Q11: =CORREL(O2:O9,P2:P9)*100 -> 97.339732
B12: 0025E2 | D12: =CORREL(B2:B9,C2:C9)*100 -> 96.821506
B14: Vb max | C14: RC (max) | D14: f(RC (max)) | F14: Vb max | G14: RC (max) | H14: f(RC (max)) | K14: Vb max | L14: RC (max) | M14: f(RC (max)) | O14: Vb max | P14: RC (max) | Q14: f(RC (max))
B15: -0.27651374 | C15: -1.7731625 | D15: =0.0882*C15 - 0.1844 -> -0.34079293 | F15: -0.27492778 | G15: -0.94584861 | H15: =0.1129*G15 - 0.1114 -> -0.21818631 | K15: -0.28493333 | L15: -0.79530815 | M15: =0.1345*L15 - 0.1744 -> -0.28136895 | O15: -0.30380162 | P15: -1.2508567 | Q15: =0.0759*P15 - 0.1919 -> -0.28684002
B16: -0.25410036 | C16: -0.69217348 | D16: =0.0882*C16 - 0.1844 -> -0.2454497 | F16: -0.2335295 | G16: -0.90108662 | H16: =0.1129*G16 - 0.1114 -> -0.21313268 | K16: -0.25636269 | L16: -0.5368917 | M16: =0.1345*L16 - 0.1744 -> -0.24661193 | O16: -0.28539979 | P16: -1.2447473 | Q16: =0.0759*P16 - 0.1919 -> -0.28637632
B17: -0.23035757 | C17: -0.62946711 | D17: =0.0882*C17 - 0.1844 -> -0.239919 | F17: -0.2225677 | G17: -0.58319534 | H17: =0.1129*G17 - 0.1114 -> -0.17724275 | K17: -0.21032314 | L17: -0.37381815 | M17: =0.1345*L17 - 0.1744 -> -0.22467854 | O17: -0.24843288 | P17: -1.1594488 | Q17: =0.0759*P17 - 0.1919 -> -0.27990217
B18: -0.20316298 | C18: -0.23930524 | D18: =0.0882*C18 - 0.1844 -> -0.20550672 | F18: -0.22014211 | G18: -0.46086354 | H18: =0.1129*G18 - 0.1114 -> -0.16343149 | K18: -0.19007879 | L18: 0.035048974 | M18: =0.1345*L18 - 0.1744 -> -0.16968591 | O18: -0.22352394 | P18: -0.91265593 | Q18: =0.0759*P18 - 0.1919 -> -0.26117059
B19: -0.19847507 | C19: -0.22445941 | D19: =0.0882*C19 - 0.1844 -> -0.20419732 | F19: -0.20073739 | G19: -0.1505354 | H19: =0.1129*G19 - 0.1114 -> -0.12839545 | K19: -0.15917585 | L19: 0.76485665 | M19: =0.1345*L19 - 0.1744 -> -0.07152678 | O19: -0.21685357 | P19: -0.90734097 | Q19: =0.0759*P19 - 0.1919 -> -0.26076718
B20: -0.18018985 | C20: 0.23314155 | D20: =0.0882*C20 - 0.1844 -> -0.16383692 | F20: -0.15472117 | G20: 0.63582704 | H20: =0.1129*G20 - 0.1114 -> -0.039615127 | K20: 0.18245908 | L20: 3.2701544 | M20: =0.1345*L20 - 0.1744 -> 0.26543577 | O20: -0.19595618 | P20: 0.25647815 | Q20: =0.0759*P20 - 0.1919 -> -0.17243331
B21: -0.15350837 | C21: 0.88221731 | D21: =0.0882*C21 - 0.1844 -> -0.10658843 | F21: 0.0083530726 | G21: 1.5502306 | H21: =0.1129*G21 - 0.1114 -> 0.063621034 | K21: 1.406029 | L21: 8.8932995 | M21: =0.1345*L21 - 0.1744 -> 1.0217488 | O21: -0.15376492 | P21: 1.45972 | Q21: =0.0759*P21 - 0.1919 -> -0.081107248
B22: -0.026118284 | C22: 2.3273345 | D22: =0.0882*C22 - 0.1844 -> 0.020870907 | F22: 0.5852002 | G22: 5.7937585 | H22: =0.1129*G22 - 0.1114 -> 0.54271534 | O22: -0.084449043 | P22: 3.1369877 | Q22: =0.0759*P22 - 0.1919 -> 0.046197366
K23: 0575E4 | M23: =CORREL(K15:K21,L15:L21)*100 -> 98.803021 | O23: 0.13907834 | P23: 4.5836753 | Q23: =0.0759*P23 - 0.1919 -> 0.15600095
B24: 0025E4 | D24: =CORREL(B15:B22,C15:C22)*100 -> 97.863009 | F24: 0429E4 | H24: =CORREL(F15:F23,G15:G23)*100 -> 99.26303
O25: 0699E3 | Q25: =CORREL(O15:O23,P15:P23)*100 -> 94.738401
B26: Vb max | C26: RC (max) | D26: f(RC (max)) | F26: Vb max | G26: RC (max) | H26: f(RC (max)) | K26: Vb max | L26: RC (max) | M26: f(RC (max))
B27: -0.29923032 | C27: -2.1594711 | D27: =0.1071*C27 - 0.0719 -> -0.30317935 | F27: -0.28675252 | G27: -0.80809111 | H27: =0.1281*G27 - 0.1634 -> -0.26691647 | K27: -0.23247996 | L27: -1.6562408 | M27: =0.1116*L27- 0.1487 -> -0.33353647
B28: -0.27679361 | C28: -2.3554395 | D28: =0.1071*C28 - 0.0719 -> -0.32416757 | F28: -0.26244998 | G28: -1.148505 | H28: =0.1281*G28 - 0.1634 -> -0.31052349 | K28: -0.18963566 | L28: -1.2868367 | M28: =0.1116*L28- 0.1487 -> -0.29231098
B29: -0.27163924 | C29: -2.103408 | D29: =0.1071*C29 - 0.0719 -> -0.29717499 | F29: -0.24619387 | G29: -0.55479497 | H29: =0.1281*G29 - 0.1634 -> -0.23446924 | K29: -0.16757212 | L29: -0.49724872 | M29: =0.1116*L29- 0.1487 -> -0.20419296
B30: -0.2611439 | C30: -1.8515939 | D30: =0.1071*C30 - 0.0719 -> -0.27020571 | F30: -0.22466677 | G30: -0.29976327 | H30: =0.1281*G30 - 0.1634 -> -0.20179967 | K30: -0.12841285 | L30: 0.37590057 | M30: =0.1116*L30- 0.1487 -> -0.1067495
B31: -0.25225784 | C31: -1.7508323 | D31: =0.1071*C31 - 0.0719 -> -0.25941414 | F31: -0.21277205 | G31: 0.31685948 | H31: =0.1281*G31 - 0.1634 -> -0.1228103 | K31: -0.083749354 | L31: 1.1493972 | M31: =0.1116*L31- 0.1487 -> -0.020427271
B32: -0.2277454 | C32: -1.4396218 | D32: =0.1071*C32 - 0.0719 -> -0.2260835 | F32: 0.20179382 | G32: 2.5511269 | H32: =0.1281*G32 - 0.1634 -> 0.16339936
B33: -0.21634046 | C33: -1.0333233 | D33: =0.1071*C33 - 0.0719 -> -0.18256892 | F33: 0.97702617 | G33: 7.6037712 | H33: =0.1281*G33 - 0.1634 -> 0.81064309 | K33: 0639E1 | M33: =CORREL(K27:K32,L27:L32)*100 -> 98.640217
B34: -0.17734445 | C34: -0.65855749 | D34: =0.1071*C34 - 0.0719 -> -0.14243151
B35: -0.13547971 | C35: 0.037715719 | D35: =0.1071*C35 - 0.0719 -> -0.067860646 | F35: 0532E1 | H35: =CORREL(F27:F33,G27:G33)*100 -> 99.434452
B36: 0.31542336 | C36: 3.1950334 | D36: =0.1071*C36 - 0.0719 -> 0.27028808
B38: 0244E1 | D38: =CORREL(B27:B37,C27:C37)*100 -> 97.940788
B40: Vb max | C40: RC (max) | D40: f(RC (max)) | F40: Vb max | G40: RC (max) | H40: f(RC (max)) | K40: Vb max | L40: RC (max) | M40: f(RC (max))
B41: -0.31439025 | C41: -2.7972874 | D41: =0.1129*C41 - 0.1114 -> -0.42721375 | F41: -0.26419921 | G41: -0.95959831 | H41: =0.1281*G41 - 0.1634 -> -0.28632454 | K41: -0.2544502 | L41: -0.68151449 | M41: =0.1116*L41- 0.1487 -> -0.22475702
B42: -0.28789535 | C42: -2.5985706 | D42: =0.1129*C42 - 0.1114 -> -0.40477863 | F42: -0.26305638 | G42: -0.94882769 | H42: =0.1281*G42 - 0.1634 -> -0.28494483 | K42: -0.20353615 | L42: -0.69388681 | M42: =0.1116*L42- 0.1487 -> -0.22613777
B43: -0.26231005 | C43: -2.0764618 | D43: =0.1129*C43 - 0.1114 -> -0.34583254 | F43: -0.20493553 | G43: -1.248068 | H43: =0.1281*G43 - 0.1634 -> -0.32327751 | K43: -0.19325072 | L43: 0.3089858 | M43: =0.1116*L43- 0.1487 -> -0.11421718
B44: -0.23112723 | C44: -1.851547 | D44: =0.1129*C44 - 0.1114 -> -0.32043966 | F44: -0.19045196 | G44: -0.59968572 | H44: =0.1281*G44 - 0.1634 -> -0.24021974 | K44: -0.18060967 | L44: 0.8634962 | M44: =0.1116*L44- 0.1487 -> -0.052333824
B45: -0.20689466 | C45: -1.7395763 | D45: =0.1129*C45 - 0.1114 -> -0.30779817 | F45: -0.16841175 | G45: -0.17711898 | H45: =0.1281*G45 - 0.1634 -> -0.18608894 | K45: 0.91298128 | L45: 8.990324 | M45: =0.1116*L45- 0.1487 -> 0.85462016
B46: -0.19691243 | C46: -1.6411526 | D46: =0.1129*C46 - 0.1114 -> -0.29668613 | F46: -0.10903146 | G46: 0.12525723 | H46: =0.1281*G46 - 0.1634 -> -0.14735455
B47: -0.19234112 | C47: -1.8323978 | D47: =0.1129*C47 - 0.1114 -> -0.31827771 | F47: -0.13247105 | G47: 1.1626202 | H47: =0.1281*G47 - 0.1634 -> -0.014468349 | K47: 0639E4 | M47: =CORREL(K41:K45,L41:L45)*100 -> 99.204416
B48: -0.18172917 | C48: -0.084769291 | D48: =0.1129*C48 - 0.1114 -> -0.12097045 | F48: 0.050824209 | G48: 3.6918213 | H48: =0.1281*G48 - 0.1634 -> 0.30952231
B49: 0.035757568 | C49: 1.2785616 | D49: =0.1129*C49 - 0.1114 -> 0.032949608
B50: 0.14971362 | C50: 0.25690098 | D50: =0.1129*C50 - 0.1114 -> -0.082395879 | F50: 0532E4 | H50: =CORREL(F41:F48,G41:G48)*100 -> 93.967766
B51: 0374E3 | D51: =CORREL(B41:B50,C41:C50)*100 -> 86.625273
B53: RC calculus
B55: Considering VB max
B56: Fact1 | C56: Fact2 | D56: Fact3 | H56: Fact3 bis | I56: %info
A57: Fz max | B57: 0.7887 | C57: 0.0988 | D57: -0.6067 | H57: =D57/SUM(D57:D59) -> 0.97243148 | I57: =D65*H57 -> 86.549643 | R57: corr % | S57: av
A58: R max | B58: -0.5187 | C58: 0.6367 | D58: -0.5706 | H58: =D58/SUM(D57:D59) -> 0.91456964 | I58: =H58*D65 -> 81.399747 | Q58: ="0025E2" -> 0025E2 | R58: 96.82 | S58: =(R58+R59)/2 -> 97.34 | T58: abrasive flow machining
A59: EAA max | B59: 0.33 | C59: 0.7648 | D59: 0.5534 | H59: =D59/SUM(D57:D59) -> -0.88700112 | I59: =H59*D65 -> -78.946057 | Q59: ="0025E4" -> 0025E4 | R59: 97.86
Q60: ="0244E1" -> 0244E1 | R60: 97.94 | S60: =R60 -> 97.94 | T60: dragging
Q61: ="0374E3" -> 0374E3 | R61: 86.63 | S61: =R61 -> 86.63 | T61: reference
B62: Eigenvectors | Q62: ="0429E2" -> 0429E2 | R62: 90.15 | S62: =(R62+R63)/2 -> 94.705 | T62: abrasive blasting
Q63: ="0429E4" -> 0429E4 | R63: 99.26
A64: Eval | B64: 0.0226 | C64: 0.3073 | D64: 2.6701 | Q64: ="0532E1" -> 0532E1 | R64: 99.43 | S64: =(R64+R65)/2 -> 96.7 | T64: magneto-abrasive machining
A65: info % | B65: =B64/SUM(B64:F64)*100 -> 0.75333333 | C65: =C64/SUM(B64:F64)*100 -> 10.243333 | D65: =D64/SUM(B64:F64)*100 -> 89.003333 | Q65: ="0532E4" -> 0532E4 | R65: 93.97
B66: Eigenvalues | Q66: ="0575E2" -> 0575E2 | R66: 99.52 | S66: =(R66+R67)/2 -> 99.16 | T66: brushing
Q67: ="0575E4" -> 0575E4 | R67: 98.8
Q68: ="0639E1" -> 0639E1 | R68: 98.64 | S68: =(R68+R69)/2 -> 98.92 | T68: laser machining
Q69: ="0639E4" -> 0639E4 | R69: 99.2
A70: RC= 0,865*Fz max+0,814*R max-0,789*EAA max | Q70: ="0699E1" -> 0699E1 | R70: 97.34 | S70: =(R70+R71)/2 -> 96.04 | T70: honing
Q71: ="0699E3" -> 0699E3 | R71: 94.74
C73: Fz max | D73: R max | E73: EAA max
B74: Fz max | C74: 1 | D74: 0.9345 | E74: -0.8675
B75: R max | C75: 0.9345 | D75: 1 | E75: -0.6974
B76: EAA max | C76: -0.8675 | D76: -0.6974 | E76: 1
B79: Matrice réduite
G83: VB max= f(CP) = x(insert)*RC - y(insert)
Q84: !See courbes_corr_vbmax

Sheet courbes_vb_cp
B1: Comparison between VB max measured and f(RC) [extended values]

Sheet R

Sheet P

Sheet N

Sheet Fpn

Sheet Fp

Sheet Fs

Sheet Fz

Sheet beta

Sheet EAA
